Name,Title,Total Episodes,Rating (0-10),Genres,Tags,Status,Source,Start Date,End Date,Duration (mins),Studio,Popularity,Description,ImageURL,Link,Note,My rating,Finished?,Column 1,Column 2,Column 3,Column 4,Column 5,Column 6,Column 7
Attack on titan,Attack on Titan,87,8.6,"Action, Drama, Fantasy, Mystery, Psychological","Survival, Kaiju, Revenge, Military, Tragedy, Shapeshifting, Anti-Hero, Post-Apocalyptic, Male Protagonist, Primarily Teen Cast, Politics, Dystopian",Finished,Manga,2013-04-07,2022-04-04,24,"WIT STUDIO, MAPPA",1034573,"Several hundred years ago, humans were nearly exterminated by titans. Titans are typically several stories tall, seem to have no intelligence, devour human beings and, worst of all, seem to do it for the pleasure rather than as a food source. A small percentage of humanity survived by walling themselves in a city protected by extremely high walls, even taller than the biggest of titans. Flash forward to the present and the city has not seen a titan in over 100 years. Teenage boy Eren and his foster sister Mikasa witness something horrific as the city walls are destroyed by a colossal titan that appears out of thin air. As the smaller titans flood the city, the two kids watch in horror as their mother is eaten alive. Eren vows that he will murder every single titan and take revenge for all of mankind. (Source: MangaHelpers)",https://s4.anilist.co/file/anilistcdn/media/anime/cover/large/bx16498-buvcRTBx4NSm.jpg,https://anilist.co/anime/16498,Combined 6 TV seasons,10,Yes,,,,,,,
Jujutsu kaisen,JUJUTSU KAISEN,59,8.5,"Action, Drama, Supernatural","Urban Fantasy, Curses, Urban, Shounen, Death Game, Super Power, Battle Royale, Exorcism, Youkai, Male Protagonist, Magic, Primarily Teen Cast",Finished,Manga,2020-10-03,2026-03-27,24,MAPPA,952431,"A boy fights... for ""the right death."" Hardship, regret, shame: the negative feelings that humans feel become Curses that lurk in our everyday lives. The Curses run rampant throughout the world, capable of leading people to terrible misfortune and even death. What's more, the Curses can only be exorcised by another Curse. Itadori Yuji is a boy with tremendous physical strength, though he lives a completely ordinary high school life. One day, to save a friend who has been attacked by Curses, he eats the finger of the Double-Faced Specter, taking the Curse into his own soul. From then on, he shares one body with the Double-Faced Specter. Guided by the most powerful of sorcerers, Gojou Satoru, Itadori is admitted to the Tokyo Metropolitan Technical High School of Sorcery, an organization that fights the Curses... and thus begins the heroic tale of a boy who became a Curse to exorcise a Curse, a life from which he could never turn back. (Source: Crunchyroll) Note: The first episode received an early web premiere on September 19th, 2020. The regular TV broadcast started on October 3rd, 2020.",https://s4.anilist.co/file/anilistcdn/media/anime/cover/large/bx113415-LHBAeoZDIsnF.jpg,https://anilist.co/anime/113415,Combined 3 TV seasons,10,Yes,,,,,,,
Death Note,Death Note,37,8.4,"Mystery, Psychological, Supernatural, Thriller","Crime, Detective, Anti-Hero, Fugitive, Male Protagonist, Police, Philosophy, Primarily Adult Cast, Noir, Gods, Urban Fantasy, Urban",Finished,Manga,2006-10-04,2007-06-27,23,MADHOUSE,943235,"Light Yagami is a genius high school student who is about to learn about life through a book of death. When a bored shinigami, a God of Death, named Ryuk drops a black notepad called a Death Note , Light receives power over life and death with the stroke of a pen. Determined to use this dark gift for the best, Light sets out to rid the world of evil… namely, the people he believes to be evil. Should anyone hold such power? The consequences of Light’s actions will set the world ablaze. (Source: VIZ Media)",https://s4.anilist.co/file/anilistcdn/media/anime/cover/large/bx1535-kUgkcrfOrkUM.jpg,https://anilist.co/anime/1535,Combined 1 TV season,10,Yes,,,,,,,
Solo levelling [anilist:151807],Solo Leveling,25,8.3,"Action, Adventure, Fantasy","Urban Fantasy, Dungeon, Male Protagonist, Super Power, Magic, Necromancy, Cultivation, Survival, Swordplay, Gore",Finished,Other,2024-01-07,2025-03-30,24,A-1 Pictures,432608,"They say whatever doesn’t kill you makes you stronger, but that’s not the case for the world’s weakest hunter Seong Jin-U. After being brutally slaughtered by monsters in a high-ranking dungeon, Jin-U came back with the System, a program only he could see, that’s leveling him up in every way. Now, he’s inspired to discover the secrets behind his powers and the dungeon that spawned them. (Source: Crunchyroll)",https://s4.anilist.co/file/anilistcdn/media/anime/cover/large/bx151807-it355ZgzquUd.png,https://anilist.co/anime/151807,Forced AniList ID 151807; combined 2 TV seasons,10,Yes,,,,,,,
Naruto shippuden,Naruto: Shippuden,500,8.2,"Action, Adventure, Comedy, Drama, Fantasy, Supernatural","Ninja, Shounen, Criminal Organization, Male Protagonist, Super Power, Revenge, Orphan, Martial Arts, Coming of Age, Conspiracy, Philosophy, Cultivation",Finished,Manga,2007-02-15,2017-03-23,23,Studio Pierrot,599327,"Naruto: Shippuuden is the continuation of the original animated TV series Naruto. The story revolves around an older and slightly more matured Uzumaki Naruto and his quest to save his friend Uchiha Sasuke from the grips of the snake-like Shinobi, Orochimaru. After 2 and a half years Naruto finally returns to his village of Konoha, and sets about putting his ambitions to work, though it will not be easy, as he has amassed a few (more dangerous) enemies, in the likes of the shinobi organization; Akatsuki. (Source: Anime News Network)",https://s4.anilist.co/file/anilistcdn/media/anime/cover/large/bx1735-kGfVm0YqCPcu.png,https://anilist.co/anime/1735,Matched AniList ID 1735; single AniList entry only,10,Yes,,,,,,,
Demon Slayer [anilist:101922],Demon Slayer: Kimetsu no Yaiba,63,8.3,"Action, Adventure, Drama, Fantasy, Supernatural, Mystery","Demons, Shounen, Swordplay, Male Protagonist, Cultivation, Oiran, Tragedy, Super Power, Vampire, Curses, Gore, Travel",Finished,Manga,2019-04-06,2024-06-30,25,ufotable,977143,"It is the Taisho Period in Japan. Tanjiro, a kindhearted boy who sells charcoal for a living, finds his family slaughtered by a demon. To make matters worse, his younger sister Nezuko, the sole survivor, has been transformed into a demon herself. Though devastated by this grim reality, Tanjiro resolves to become a “demon slayer” so that he can turn his sister back into a human, and kill the demon that massacred his family. (Source: Crunchyroll)",https://s4.anilist.co/file/anilistcdn/media/anime/cover/large/bx101922-WBsBl0ClmgYL.jpg,https://anilist.co/anime/101922,Forced AniList ID 101922; combined 5 TV seasons,10,Yes,,,,,,,
Death Parade,Death Parade,12,8,"Drama, Mystery, Psychological, Supernatural, Thriller","Death Game, Philosophy, Amnesia, Bar, Primarily Adult Cast, Episodic",Finished,Original,2015-01-10,2015-03-28,23,MADHOUSE,461084,"When two people die at the same time, they’re sent to a place that’s neither heaven nor hell—a lavish bar between worlds where the stakes are high and the rules are simple: if you win you live again, if you die… you’re gone for good. Decim is the bartender charged with serving the souls who enter Quindecim. He may make a mean cocktail, but his true profession is to play the role of arbiter—a judge who determines whether or not a soul is worthy of reincarnation. To aid in his judgment, the bar’s patrons are forced to play simple games laced with sadistic twists designed to bring their true natures to light. To Decim, judgment has always been black and white—that is—until he meets a mysterious young woman whose fate seems impossible to decide. His indecision shakes the very foundation of the games and raises the biggest question of all: Who is fit to judge the dead? (Source: Funimation)",https://s4.anilist.co/file/anilistcdn/media/anime/cover/large/nx20931-bktYqOcxPERi.jpg,https://anilist.co/anime/20931,Combined 1 TV season,10,Yes,,,,,,,
Bleach 1000 year war [anilist:116674],BLEACH: Thousand-Year Blood War,50,8.8,"Action, Adventure, Supernatural","War, Swordplay, Shounen, Super Power, Male Protagonist, Gore, Afterlife, Body Horror",Finished,Manga,2022-10-11,2022-12-27,24,Studio Pierrot,200168,"Was it all just a coincidence, or was it inevitable? Ichigo Kurosaki gained the powers of a Soul Reaper through a chance encounter. As a Substitute Soul Reaper, Ichigo became caught in the turmoil of the Soul Society, a place where deceased souls gather. But with help from his friends, Ichigo overcame every challenge to become even stronger. When new Soul Reapers and a new enemy appear in his hometown of Karakura, Ichigo jumps back into the battlefield with his Zanpakuto to help those in need. Meanwhile, the Soul Society is observing a sudden surge in the number of Hollows being destroyed in the World of the Living. They also receive separate reports of residents in the Rukon District having gone missing. Finally, the Seireitei, home of the Soul Reapers, comes under attack by a group calling themselves the Wandenreich. Led by Yhwach, the father of all Quincies, the Wandenreich declare war against the Soul Reapers with the following message: ""Five days from now, the Soul Society will be annihilated by the Wandenreich."" The history and truth kept hidden by the Soul Reapers for a thousand long years is finally brought to light. All things must come to an end as Ichigo Kurosaki's fi...",https://s4.anilist.co/file/anilistcdn/media/anime/cover/large/bx116674-p3zK4PUX2Aag.jpg,https://anilist.co/anime/116674,Forced AniList ID 116674; single AniList entry only,9.9,Yes,,,,,,,
JoJo's bizarre adventure,JoJo's Bizarre Adventure (TV),152,8.2,"Action, Adventure, Supernatural, Drama, Mystery","Super Power, Criminal Organization, Mafia, Male Protagonist, Primarily Male Cast, Gangs, Urban Fantasy, Foreign, Travel, Shounen, Surreal Comedy, Urban",Finished,Manga,2012-10-06,2019-07-28,24,david production,470135,"Beginning its tale in 19th century England, young aristocrat Jonathan Joestar finds himself locked in bitter rivalry with Dio Brando, a low-born boy who Jonathan's father took under his wing after the death of Dio's father. Discontent with his station in life, Dio's fathomless lust to reign over all eventually leads him to seek the supernatural powers of an ancient Aztec stone mask in the Joestar's possession—an artifact that will forever change the destiny of Dio and Jonathan for generations to come. Fifty years later, in 1938 New York City, Jonathan's grandson Joseph Joestar must take up his grandfather's mission and master the abilities necessary to destroy the stone mask and its immensely powerful creators who threaten humanity's very existence, the Pillar Men. (Source: Anime News Network)",https://s4.anilist.co/file/anilistcdn/media/anime/cover/large/bx14719-VT5dRzTBSZ0w.jpg,https://anilist.co/anime/14719,Combined 5 TV seasons,9.8,Yes,,,,,,,
My hero Academia,My Hero Academia,170,7.9,"Action, Adventure, Comedy, Drama, Sci-Fi","Superhero, Super Power, Shounen, Primarily Teen Cast, War, Male Protagonist, Crime, School, Urban Fantasy, Terrorism, Ensemble Cast, Cultivation",Finished,Manga,2016-04-03,2025-12-13,24,"bones, bones film",859995,"What would the world be like if 80 percent of the population manifested extraordinary superpowers called “Quirks” at age four? Heroes and villains would be battling it out everywhere! Becoming a hero would mean learning to use your power, but where would you go to study? U.A. High's Hero Program of course! But what would you do if you were one of the 20 percent who were born Quirkless? Middle school student Izuku Midoriya wants to be a hero more than anything, but he hasn't got an ounce of power in him. With no chance of ever getting into the prestigious U.A. High School for budding heroes, his life is looking more and more like a dead end. Then an encounter with All Might, the greatest hero of them all gives him a chance to change his destiny… (Source: VIZ Media)",https://s4.anilist.co/file/anilistcdn/media/anime/cover/large/bx21459-nYh85uj2Fuwr.jpg,https://anilist.co/anime/21459,Combined 8 TV seasons,9.8,Yes,,,,,,,
Re Zero,Re:ZERO -Starting Life in Another World-,85,8.4,"Action, Adventure, Drama, Fantasy, Psychological, Romance, Thriller","Isekai, Time Manipulation, Male Protagonist, Time Loop, Tragedy, Magic, Alternate Universe, Cult, Witch, Curses, Ensemble Cast, Royal Affairs",Releasing,Light Novel,2016-04-04,2025-03-26,25,WHITE FOX,608458,"In the story, Subaru Natsuki is an ordinary high school student who is lost in an alternate world, where he is rescued by a beautiful, silver-haired girl. He stays near her to return the favor, but the destiny she is burdened with is more than Subaru can imagine. Enemies attack one by one, and both of them are killed. He then finds out he has the power to rewind death, back to the time he first came to this world. But only he remembers what has happened since. (Source: Anime News Network) Notes: - The first episode aired with a runtime of ~50 minutes as opposed to the standard 25 minute long episode. - In the Winter 2020 season, Re:ZERO was rebroadcast and re-edited to fit into an hour time-slot. This edit included the first OVA and added slight modifications to certain scenes throughout. It also added an additional scene at the end of the final episode.",https://s4.anilist.co/file/anilistcdn/media/anime/cover/large/bx21355-wRVUrGxpvIQQ.jpg,https://anilist.co/anime/21355,Combined 5 TV seasons,9.7,Yes,,,,,,,
Hells paradise [anilist:128893],Hell’s Paradise,25,8.1,"Action, Adventure, Mystery, Supernatural","Survival, Body Horror, Swordplay, Gore, Shounen, Ninja, Samurai, Ensemble Cast, Cultivation, Male Protagonist, Battle Royale, Religion",Finished,Manga,2023-04-01,2026-03-29,24,MAPPA,352405,"The Edo period is nearing its end. Gabimaru, a shinobi formerly known as the strongest in Iwagakure who is now a death row convict, is told that he will be acquitted and set free if he can bring back the Elixir of Life from an island that is rumored to be the Buddhist pure land Sukhavati. In hopes of reuniting with his beloved wife, Gabimaru heads to the island along with the executioner Yamada Asaemon Sagiri. Upon arriving there, they encounter other death row convicts in search of the Elixir of Life... as well as a host of unknown creatures, eerie manmade statues, and the hermits who rule the island. Can Gabimaru find the Elixir of Life on this mysterious island and make it back home alive? (Source: Crunchyroll)",https://s4.anilist.co/file/anilistcdn/media/anime/cover/large/bx128893-Gc2t8b8M0mVu.jpg,https://anilist.co/anime/128893,Forced AniList ID 128893; combined 2 TV seasons,9.6,Yes,,,,,,,
Gachiakuta,Gachiakuta ,24,8.2,"Action, Drama, Fantasy","Super Power, Urban Fantasy, Shounen, Dystopian, Survival, Revenge, Post-Apocalyptic, Male Protagonist, Ensemble Cast, Class Struggle, Female Harem, Found Family",Releasing,Manga,2025-07-06,2025-12-21,24,bones film,244438,"A boy lives in a floating town, where the poor scrape by and the rich live a sumptuous life, simply casting their garbage off the side, into the abyss. When he’s falsely accused of murder, though, his wrongful conviction leads to an unimaginable punishment—exile off the edge, with the rest of the trash. Down on the surface, the cast-off waste of humanity has bred vicious monsters, and to travel the path to vengeance against those who cast him into Hell, a boy will have to become a warrior…  ",https://s4.anilist.co/file/anilistcdn/media/anime/cover/large/bx178025-cWJKEsZynkil.jpg,https://anilist.co/anime/204436,Combined 2 TV seasons,9.5,Yes,,,,,,,
To your eternity,To Your Eternity,62,7.8,"Adventure, Drama, Fantasy, Psychological, Supernatural","Shapeshifting, Urban Fantasy, War, Tragedy, Coming of Age, Time Skip, Urban, Travel, Philosophy, Ensemble Cast, Cult, Ghost",Finished,Manga,2021-04-12,2026-03-29,25,"Brain's Base, Drive, Studio Massket",312532,"In the beginning, an ""orb"" is cast unto Earth. ""It"" can do two things: change into the form of the thing that stimulates ""it""; and come back to life after death. ""It"" morphs from orb to rock, then to wolf, and finally to boy, but roams about like a newborn who knows nothing. As a boy, ""it"" becomes Fushi. Through encounters with human kindness, Fushi not only gains survival skills but grows as a ""person"". But his journey is darkened by the inexplicable and destructive enemy Nokker and cruel partings with the people he loves. (Source: Crunchyroll)",https://s4.anilist.co/file/anilistcdn/media/anime/cover/large/bx114535-y3NnjexcqKG1.jpg,https://anilist.co/anime/114535,Combined 3 TV seasons,9.5,Yes,,,,,,,
Kaiju No.8,Kaiju No. 8,23,8,"Action, Sci-Fi","Kaiju, Urban, Monster Boy, Shapeshifting, Male Protagonist, Shounen, Super Power, Military, Henshin, Urban Fantasy, Rescue, Primarily Adult Cast",Finished,Manga,2024-04-13,2025-09-27,24,Production I.G,274801,"With the highest kaiju-emergence rates in the world, Japan is no stranger to attack by deadly monsters. Enter the Japan Defense Force, a military organization tasked with the neutralization of kaiju. Kafka Hibino, a kaiju-corpse cleanup man, has always dreamed of joining the force. But when he gets another shot at achieving his childhood dream, he undergoes an unexpected transformation. How can he fight kaiju now that he’s become one himself?! (Source: VIZ Media)",https://s4.anilist.co/file/anilistcdn/media/anime/cover/large/bx153288-25FBfFJzEQ5O.jpg,https://anilist.co/anime/153288,Combined 2 TV seasons,9.4,Yes,,,,,,,
Vinland saga ,Vinland Saga,48,8.8,"Action, Adventure, Drama","Vikings, Seinen, Foreign, Revenge, War, Male Protagonist, Historical, Philosophy, Coming of Age, Medieval, Primarily Male Cast, Primarily Adult Cast",Finished,Manga,2019-07-08,2023-06-20,25,"WIT STUDIO, MAPPA",534040,"Thorfinn is son to one of the Vikings' greatest warriors, but when his father is killed in battle by the mercenary leader Askeladd, he swears to have his revenge. Thorfinn joins Askeladd's band in order to challenge him to a duel, and ends up caught in the middle of a war for the crown of England. (Source: Kodansha USA)",https://s4.anilist.co/file/anilistcdn/media/anime/cover/large/bx101348-2fhDFPCuMNiz.jpg,https://anilist.co/anime/101348,Combined 2 TV seasons,9.4,Yes,,,,,,,
Fire Force,Fire Force,73,7.8,"Action, Drama, Sci-Fi, Supernatural","Urban Fantasy, Post-Apocalyptic, Firefighters, Cult, Dystopian, Super Power, Shounen, Male Protagonist, Demons, Urban, Gods, Ensemble Cast",Finished,Manga,2019-07-06,2026-04-04,24,david production,475556,"Year 198 of the Solar Era in Tokyo, special fire brigades are fighting against a phenomenon called spontaneous human combustion where human beings are turned into living infernos called ""Infernals.” While the Infernals are first-generation cases of spontaneous human combustion, later generations possess the ability to manipulate flames while retaining human form. Shinra Kusakabe, a youth who gained the nickname Devil’s Footprints for his ability to ignite his feet at will, joins the Special Fire Force Company 8 which composes of other flames users as they work to extinguish any Infernals they encounter. As a faction that is creating Infernals appears, Shinra begins to uncover the truth behind a mysterious fire that caused the death of his family twelve years ago. (Source: Official Website)",https://s4.anilist.co/file/anilistcdn/media/anime/cover/large/bx105310-2PKUvoaA6fTn.jpg,https://anilist.co/anime/105310,Combined 4 TV seasons,9.4,Yes,,,,,,,
Blood of zeus ,Blood of zeus,24,7.5,"Action, Fantasy","Greek Mythology, Gods, Demons",Finished,Original,2020-10-27,2024-05-10,30,Powerhouse Animation Studios,102000,"Heron, a commoner living in ancient Greece, discovers his true heritage as the son of Zeus and becomes humanity's greatest hope against a demonic army.",https://upload.wikimedia.org/wikipedia/en/1/1c/Gods_and_Heroes_teaser_poster.png,https://www.imdb.com/title/tt10009170/?ref_=tt_ov_srs,Manual,9.4,Yes,,,,,,,
Shangrila frontier [anilist:176508],Shangri-La Frontier Season 2,50,8.1,"Action, Adventure, Comedy, Fantasy, Sci-Fi","Virtual World, Video Games, Shounen, Male Protagonist, Swordplay, Anthropomorphism",Not Yet Released,Manga,2023-10-01,,25,C2C,181529,"The second season of Shangri-La Frontier . Rakuro Hizutome only cares about one thing: beating crappy VR games. He devotes his entire life to these buggy games and could clear them all in his sleep. One day, he decides to challenge himself and play a popular god-tier game called Shangri-La Frontier. But he quickly learns just how difficult it is. Will his expert skills be enough to uncover its hidden secrets? (Source: Crunchyroll)",https://s4.anilist.co/file/anilistcdn/media/anime/cover/large/bx176508-eFad4szofm8d.png,https://anilist.co/anime/176508,Forced AniList ID 176508; combined 3 TV seasons,9.3,Yes,,,,,,,
Black clover,Black Clover,170,7.9,"Action, Adventure, Comedy, Fantasy","Magic, Shounen, Male Protagonist, Found Family, Demons, Super Power, Ensemble Cast, Medieval, Orphan, Estranged Family, Politics, Love Triangle",Not Yet Released,Manga,2017-10-03,2021-03-30,24,Studio Pierrot,571469,"In a world where magic is everything, Asta and Yuno are both found abandoned at a church on the same day. While Yuno is gifted with exceptional magical powers, Asta is the only one in this world without any. At the age of fifteen, both receive grimoires, magic books that amplify their holder’s magic. Asta’s is a rare Grimoire of Anti-Magic that negates and repels his opponent’s spells. Being opposite but good rivals, Yuno and Asta are ready for the hardest of challenges to achieve their common dream: to be the Wizard King. Giving up is never an option! (Source: Crunchyroll)",https://s4.anilist.co/file/anilistcdn/media/anime/cover/large/bx97940-fyh8o7gNbha0.png,https://anilist.co/anime/97940,Combined 2 TV seasons,9.3,Yes,,,,,,,
CastleVania nocturne  ,CastleVania Nocturne  ,16,7.4,"Action, Dark Fantasy","Vampires, French Revolution",Ongoing,Video Game,2023-09-28,,28,Powerhouse Animation Studios,90800,"During the French Revolution, vampire hunter prodigy Richter Belmont fights to uphold his family's legacy and prevent the rise of a ruthless, power-hungry vampire.",https://m.media-amazon.com/images/M/MV5BODJhZDcxMWItNmI3MC00NGZhLWI2YmMtYjc2ZDFkYjRiYTQ0XkEyXkFqcGc@._V1_.jpg,https://www.imdb.com/title/tt14833612/,Manual,9.3,Yes,,,,,,,
Hunter x Hunter [anilist:11061],Hunter x Hunter (2011),148,8.9,"Action, Adventure, Fantasy","Shounen, Super Power, Male Protagonist, Travel, Philosophy, Ensemble Cast, Martial Arts, Primarily Male Cast, Anthropomorphism, Primarily Teen Cast, Coming of Age, Criminal Organization",Finished,Manga,2011-10-02,2014-09-24,24,MADHOUSE,826616,"A new adaption of the manga of the same name by Togashi Yoshihiro. A Hunter is one who travels the world doing all sorts of dangerous tasks. From capturing criminals to searching deep within uncharted lands for any lost treasures. Gon is a young boy whose father disappeared long ago, being a Hunter. He believes if he could also follow his father's path, he could one day reunite with him. After becoming 12, Gon leaves his home and takes on the task of entering the Hunter exam, notorious for its low success rate and high probability of death to become an official Hunter. He befriends the revenge-driven Kurapika, the doctor-to-be Leorio and the rebellious ex-assassin Killua in the exam, with their friendship prevailing throughout the many trials and threats they come upon taking on the dangerous career of a Hunter.",https://s4.anilist.co/file/anilistcdn/media/anime/cover/large/bx11061-y5gsT1hoHuHw.png,https://anilist.co/anime/11061,Forced AniList ID 11061; combined 1 TV season,9.3,Yes,,,,,,,
Summer time render [anilist:129201],Summer Time Rendering,25,8.3,"Action, Drama, Mystery, Supernatural, Thriller","Urban Fantasy, Primarily Teen Cast, Super Power, Rural, Coastal, Ensemble Cast, Shounen, Orphan, Male Protagonist, Religion",Finished,Manga,2022-04-15,2022-09-30,24,OLM,220932,"A sci-fi, summer story filled with suspense set on a small island with Shinpei Aijiro, whose childhood friend Ushio Kofune died. He returns to his hometown for the first time in two years for the funeral. Sou Hishigata, his best friend, suspects something's off with Ushio's death, and that someone can die next. A sinister omen is heard as an entire family next door suddenly disappears the following day. Furthermore, Mio implicates a ""shadow"" three days before Ushio's death. (Source: Disney+)",https://s4.anilist.co/file/anilistcdn/media/anime/cover/large/bx129201-HJBauga2be8I.png,https://anilist.co/anime/129201,Forced AniList ID 129201; combined 1 TV season,9.2,Yes,,,,,,,
Code Geass,Code Geass: Lelouch of the Rebellion,50,8.6,"Action, Drama, Mecha, Sci-Fi, Thriller","Anti-Hero, War, Military, Class Struggle, Politics, Revenge, Super Power, Conspiracy, Philosophy, Male Protagonist, Terrorism, Real Robot",Finished,Original,2006-10-06,2008-09-28,24,Sunrise,490309,"On August 10th of the year 2010 the Holy Empire of Britannia began a campaign of conquest, its sights set on Japan. Operations were completed in one month thanks to Britannia's deployment of new mobile humanoid armor vehicles dubbed Knightmare Frames. Japan's rights and identity were stripped away, the once proud nation now referred to as Area 11. Its citizens, Elevens, are forced to scratch out a living while the Britannian aristocracy lives comfortably within their settlements. Pockets of resistance appear throughout Area 11, working towards independence for Japan. Lelouch, an exiled Imperial Prince of Britannia posing as a student, finds himself in the heart of the ongoing conflict for the island nation. Through a chance meeting with a mysterious girl named C.C., Lelouch gains his Geass, the power of the king. Now endowed with absolute dominance over any person, Lelouch may finally realize his goal of bringing down Britannia from within! (Source: Bandai Entertainment)",https://s4.anilist.co/file/anilistcdn/media/anime/cover/large/bx1575-hsmWM2ydNm1m.jpg,https://anilist.co/anime/1575,Combined 2 TV seasons,9.2,Yes,,,,,,,
Gurren Lagann,Gurren Lagann,27,8.5,"Action, Comedy, Drama, Mecha, Romance, Sci-Fi","Super Robot, Coming of Age, Found Family, Male Protagonist, Dystopian, Philosophy, Travel, War, Time Skip",Finished,Original,2007-04-01,2007-09-30,24,Gainax,372469,"In a far away future, mankind lives underground in huge caves, unknowing of a world above with a sky and stars. In the small village of Jiha, Simon, a shy boy who works as a digger discovers a strange glowing object during excavation. The enterprising Kamina, a young man with a pair of rakish sunglasses and the passion of a firey sun, befriends Simon and forms a small band of brothers, the Gurren Brigade, to escape the village and break through the ceiling of the cave to reach the surface, which few believe exist. The village elder won't hear of such foolishness and punishes the Brigade. However, when disaster strikes from the world above and the entire village is in jeopardy, it's up to Simon, Kamina, a girl with a big gun named Yoko, and the small yet sturdy robot, Lagann, to save the day. The new friends journey to the world above and find that the surface is a harsh battlefield, and it's up to them to fight back against the rampaging Beastmen to turn the tide in the humans' favor! Pierce the heavens, Gurren Lagann!",https://s4.anilist.co/file/anilistcdn/media/anime/cover/large/bx2001-XwRnjzGeFWRQ.png,https://anilist.co/anime/2001,Combined 1 TV season,9.2,Yes,,,,,,,
Ranking of kings,Ranking of Kings,33,8,"Action, Adventure, Drama, Fantasy","Disability, Ensemble Cast, Coming of Age, Fairy Tale, Male Protagonist, Language Barrier, Medieval, Achronological Order, Swordplay, Episodic, Monster Boy, Bullying",Finished,Manga,2021-10-15,2023-06-16,23,WIT STUDIO,220474,"Unable to hear, speak, or wield a sword, Prince Bojji doesn’t seem like a typical heir to the throne—and his kingdom agrees. But his fateful encounter with Kage, a shadow on the ground, gives him his first true friend. The two set off on a grand adventure and, together, form a bond that can overcome any obstacle...even being king. (Source: Funimation)",https://s4.anilist.co/file/anilistcdn/media/anime/cover/large/bx113717-9sNnN8WRgK15.jpg,https://anilist.co/anime/113717,Combined 2 TV seasons,9.2,Yes,,,,,,,
Akudama Drive,Akudama Drive,12,7.5,"Action, Drama, Sci-Fi, Thriller","Anti-Hero, Urban, Crime, Cyberpunk, Fugitive, Dystopian, Female Protagonist, Ensemble Cast, Primarily Adult Cast, Gore",Finished,Original,2020-10-08,2020-12-24,24,Studio Pierrot,162051,"Many years ago, a Great Civil War ravaged Japan, leaving the country fragmented between two regions: Kansai and Kanto. In Kansai, a group of six Akudama carry out missions given to them by a mysterious black cat, while evading the police. But a dangerous journey is about to unfold when a civilian girl becomes twisted into the Akudama’s way of life and witnesses their criminal drives. (Source: Funimation) Note: On May 28, 2021, a director's cut of the final episode was released which included approximately 5 minutes of new content.",https://s4.anilist.co/file/anilistcdn/media/anime/cover/large/bx116566-PPIVQt359vQY.jpg,https://anilist.co/anime/116566,Combined 1 TV season,9.2,Yes,,,,,,,
Akame ga Kill,Akame ga Kill!,24,7.3,"Action, Adventure, Drama, Fantasy, Horror, Psychological, Thriller","Assassins, Politics, Shounen, Gore, Crime, Henshin, Swordplay, Anti-Hero, Super Power",Finished,Manga,2014-07-07,2014-12-15,24,WHITE FOX,531071,"In a land where corruption rules and a ruthless Prime Minister has turned the puppet Emperor's armies of soldiers, assassins and secret police against the people, only one force dares to stand against them: Night Raid, an elite team of relentless killers, each equipped with an Imperial Arm - legendary weapons with unique and incredible powers created in the distant past. Rescued from a fate worse than death by Night Raid, young Tatsumi is offered the chance to join their lethal ranks… but it's a deadly choice, as few can master an Imperial Arm and even fewer survive when two Arms go against each other in combat. The battle is on, and only the strongest will make it out alive. (Source: Sentai Filmworks)",https://s4.anilist.co/file/anilistcdn/media/anime/cover/large/bx20613-HXHpec4bemk5.jpg,https://anilist.co/anime/20613,Combined 1 TV season,9.1,Yes,,,,,,,
Super Crooks,Super Crooks,13,7.1,"Action, Drama, Supernatural, Thriller","Crime, Primarily Adult Cast, Super Power, Superhero, Anti-Hero, Prison, Foreign, Ensemble Cast, Heterosexual, Urban Fantasy",Finished,Other,2021-11-25,2021-11-25,25,bones,39645,"One last heist. That's what they all say, right? Just one final score, and everyone can retire and take up fishing. Thing is, the jails are filled with super villains who thought the same thing, and got busted. But the Heat's in a jam. He's run up the kind of gambling debt that - if he can't pay it back in cash - will be paid in blood. Nobody wants to see the most beloved supercrook of all time rubbed out by the mob - especially his biggest fan, Johnny Bolt. And Johnny's got a plan to help the Heat and make all his buddies disgustingly rich at the same time. Unfortunately for Johnny's recruits, they have to head to Spain and rob the world's most notorious super villain blind. And that's where things get tricky. (Source: Millar World)",https://s4.anilist.co/file/anilistcdn/media/anime/cover/large/bx109946-S05QNnNplFV2.jpg,https://anilist.co/anime/109946,Combined 1 entry,9.1,Yes,,,,,,,
Bleach,Bleach,366,8,"Action, Adventure, Supernatural","Shounen, Swordplay, War, Super Power, Male Protagonist, Gods, Afterlife, Ghost, Exorcism, Urban Fantasy, Demons, Philosophy",Releasing,Manga,2004-10-05,2024-12-28,24,"Studio Pierrot, PIERROT FILMS",505560,"Ichigo Kurosaki is a rather normal high school student apart from the fact he has the ability to see ghosts. This ability never impacted his life in a major way until the day he encounters the Shinigami Kuchiki Rukia, who saves him and his family's lives from a Hollow, a corrupt spirit that devours human souls. Wounded during the fight against the Hollow, Rukia chooses the only option available to defeat the monster and passes her Shinigami powers to Ichigo. Now forced to act as a substitute until Rukia recovers, Ichigo hunts down the Hollows that plague his town.",https://s4.anilist.co/file/anilistcdn/media/anime/cover/large/bx269-d2GmRkJbMopq.png,https://anilist.co/anime/269,Combined 5 TV seasons,9.1,Yes,,,,,,,
Tower of god ,Tower of God,39,6.9,"Action, Adventure, Drama, Fantasy, Mystery","Super Power, Male Protagonist, Conspiracy, Time Skip, Ensemble Cast, Magic, Criminal Organization, Cultivation, Anti-Hero, Shounen, Philosophy, Battle Royale",Finished,Manga,2020-04-02,2024-12-29,24,"Telecom Animation Film, The Answer Studio",331234,"There is a tower that summons chosen people called ""Regulars"" with the promise of granting their deepest desires. Whether it be wealth, fame, authority, or something that surpasses them all—everything awaits those who reach the top. Twenty-Fifth Bam is a boy who had only known a dark cave, a dirty cloth, and an unreachable light his entire life. So when a girl named Rachel came to him through the light, his entire world changed. Becoming close friends with Rachel, he learned various things about the outside world from her. But when Rachel says she must leave him to climb the Tower, his world shatters around him. Vowing to follow after her no matter what it takes, he sets his sight on the tower, and a miracle occurs. Thus begins the journey of Bam, a young boy who was not chosen by the Tower but opened its gates by himself. They call his kind ""Irregulars""—beings that have shaken the very foundation of the Tower each time they set foot inside it.",https://s4.anilist.co/file/anilistcdn/media/anime/cover/large/bx115230-QHOdSN7yt8ab.jpg,https://anilist.co/anime/115230,Combined 2 TV seasons,9.1,Yes,,,,,,,
7 seeds,7SEEDS,12,6.3,"Action, Adventure, Drama, Horror, Mystery, Psychological, Romance, Sci-Fi","Ensemble Cast, Survival, Post-Apocalyptic, Environmental, Primarily Adult Cast, Outdoor Activities",Finished,Manga,2019-06-28,2019-06-28,25,GONZO,43900,"Scientists had predicted this disaster, and in response, the leaders of every country met to develop a plan for human survival before the meteor hit. The Seven Seeds project was developed out of this meeting. Each country froze a number of young healthy people, which allowed them to survive the meteor. After the computer determined that Earth was once again safe for human life, it released them into the world. The Japanese government created five groups of survivors: Winter group, Spring group, Summer group A, Summer group B, and Fall group. Each group consisted of seven members and one guide. The guide carried small tubes of poison on their necks to allow them to end their lives if their situation became unbearable. The Japanese government prepared seven ""Fuji"" as refuges for the groups. In each Fuji, the group would find seeds and numerous books instructing them on survival in the wilderness. It premiered on TV on January 14th, 2020.",https://s4.anilist.co/file/anilistcdn/media/anime/cover/large/bx105807-Ivd7xc40XdGF.jpg,https://anilist.co/anime/105807,Combined 1 entry,9,Yes,,,,,,,
Berserk of gluttony,Boushoku no Berserk,12,6.7,"Action, Adventure, Drama, Fantasy, Romance","Magic, Male Protagonist, Swordplay, Travel",Finished,Light Novel,2023-10-02,2023-12-18,24,A.C.G.T.,97452,"Fate Graphite was born into a world where magical skills shape your destiny. His skill is Gluttony, a seemingly useless curse of unending hunger that has left him shunned and looked down upon. Until one day, after he takes the life of a thief, his true power awakens: he can devour the skill of anyone he kills to feed his appetite. Will he learn to control this gruesome ability for the better?  ",https://s4.anilist.co/file/anilistcdn/media/anime/cover/large/bx156039-JnepQcVxXLLW.jpg,https://anilist.co/anime/211495,Combined 2 TV seasons,9,Yes,,,,,,,
Dr Stone ,Dr. STONE,94,8.2,"Action, Adventure, Comedy, Sci-Fi","Post-Apocalyptic, Ensemble Cast, Survival, Shounen, Travel, Space, Lost Civilization, Educational, Male Protagonist, Time Skip, Foreign, War",Finished,Manga,2019-07-05,2026-06-25,24,TMS Entertainment,545861,"After five years of harboring unspoken feelings, high-schooler Taiju Ooki is finally ready to confess his love to Yuzuriha Ogawa. Just when Taiju begins his confession however, a blinding green light strikes the Earth and petrifies mankind around the world— turning every single human into stone. Several millennia later, Taiju awakens to find the modern world completely nonexistent, as nature has flourished in the years humanity stood still. Among a stone world of statues, Taiju encounters one other living human: his science-loving friend Senkuu, who has been active for a few months. Taiju learns that Senkuu has developed a grand scheme—to launch the complete revival of civilization with science. Taiju's brawn and Senkuu's brains combine to forge a formidable partnership, and they soon uncover a method to revive those petrified. However, Senkuu's master plan is threatened when his ideologies are challenged by those who awaken. All the while, the reason for mankind's petrification remains unknown. (Source: MAL Rewrite)",https://s4.anilist.co/file/anilistcdn/media/anime/cover/large/bx105333-GybuoSoOZfpH.jpg,https://anilist.co/anime/105333,Combined 7 TV seasons,9,Yes,,,,,,,
Blue lock,Blue lock,38,7.8,"Action, Drama, Sports","Football, Male Protagonist, Shounen, Athletics, Primarily Male Cast, Battle Royale, Primarily Teen Cast, Ensemble Cast, CGI, Anti-Hero, Revenge",Not Yet Released,Manga,2022-10-09,2024-12-29,25,8-bit,317551,"Japan’s desire for World Cup glory leads the Japanese Football Association to launch a new rigorous training program to find the national team’s next striker. Three hundred high school players are pitted against each other for the position, but only one will come out on top. Who among them will be the striker to usher in a new era of Japanese soccer?  ",https://s4.anilist.co/file/anilistcdn/media/anime/cover/large/bx137822-U8naszP96vzC.png,https://anilist.co/anime/199404,Combined 3 TV seasons,9,Yes,,,,,,,
Seraph of the end,Seraph of the End: Vampire Reign,24,7.4,"Action, Drama, Fantasy, Mystery, Supernatural","Lost Civilization, Vampire, Post-Apocalyptic, Demons, Military, Urban Fantasy, War, Male Protagonist, Shounen, Time Skip, Rotoscoping, Swordplay",Finished,Manga,2015-04-04,2015-12-26,24,WIT STUDIO,323590,"The story takes place in a world where an unknown virus has killed the entire human population except for children under 13. Those children were then enslaved by vampires. The manga centers on Yuichiro Hyakuya, a human who dreams of becoming strong enough to kill all vampires. (Source: Anime News Network)",https://s4.anilist.co/file/anilistcdn/media/anime/cover/large/bx20829-pgsXVjrfyI5V.png,https://anilist.co/anime/20829,Combined 2 TV seasons,9,Yes,,,,,,,
Delicious in dungeon,Delicious in Dungeon,24,8.5,"Adventure, Comedy, Fantasy","Dungeon, Food, Magic, Primarily Adult Cast, Ensemble Cast, Elf, Medieval, Environmental, Dragons",Finished,Manga,2024-01-04,2024-06-13,25,TRIGGER,219473,"When young adventurer Laios and his company are attacked and soundly thrashed by a dragon deep in a dungeon, the party loses all its money and provisions...and a member! They're eager to go back and save her, but there is just one problem: If they set out with no food or coin to speak of, they're sure to starve on the way! But Laios comes up with a brilliant idea: ""Let's eat the monsters!"" Slimes, basilisks, and even dragons...none are safe from the appetites of these dungeon-crawling gourmands! (Source: Yen Press) Note: A world premiere screening of Episode 1 was shown in the Studio TRIGGER panel at Anime Expo on July 1, 2023.",https://s4.anilist.co/file/anilistcdn/media/anime/cover/large/bx153518-IVXPDY5ph3kO.jpg,https://anilist.co/anime/153518,Combined 1 TV season,8.9,Yes,,,,,,,
Parasyte ,Parasyte -the maxim-,24,8.1,"Action, Drama, Horror, Psychological, Sci-Fi","Body Horror, Shapeshifting, Survival, Philosophy, Male Protagonist, Seinen, Urban Fantasy, Super Power, Aliens, Anthropomorphism, Gore, Urban",Finished,Manga,2014-10-09,2015-03-26,24,MADHOUSE,493463,"They arrive in silence and darkness. They descend from the skies. They have a hunger for human flesh. They are everywhere. They are parasites, alien creatures who must invade–and take control of–a human host to survive. And once they have infected their victims, they can assume any deadly form they choose: monsters with giant teeth, winged demons, creatures with blades for hands. But most have chosen to conceal their lethal purpose behind ordinary human faces. So no one knows their secret–except an ordinary high school student. Shin is battling for control of his own body against an alien parasite, but can he find a way to warn humanity of the horrors to come? (Source: Del Rey)",https://s4.anilist.co/file/anilistcdn/media/anime/cover/large/bx20623-dUARfggnNDOe.jpg,https://anilist.co/anime/20623,Combined 1 TV season,8.9,Yes,,,,,,,
Dragon Ball ,Dragon Ball Z,825,8.5,"Action, Adventure, Comedy, Fantasy, Sci-Fi, Supernatural","Super Power, Demons, Shounen, Henshin, Martial Arts, Aliens, Age Regression, Male Protagonist, Primarily Male Cast, Primarily Child Cast, Space, Travel",Not Yet Released,Manga,1986-02-26,,24,Toei Animation,254821,"A remastered version of Dragon Ball Z that adheres more to the manga's story. This version includes newly recorded dialog by the original voice actors, new sound effects, new OP/ED sequences, and a brand new HD video transfer.",https://s4.anilist.co/file/anilistcdn/media/anime/cover/large/bx6033-TKDWyjZN3dXk.png,https://anilist.co/anime/6033,Matched AniList ID 6033; combined 8 TV seasons,8.9,Yes,,,,,,,
Dororo,Dororo,24,8.1,"Action, Adventure, Drama, Supernatural","Demons, Revenge, Disability, Curses, Swordplay, Samurai, Estranged Family, Youkai, Orphan, War, Parenthood, Male Protagonist",Finished,Manga,2019-01-07,2019-06-24,24,"MAPPA, Tezuka Productions",368992,"Dororo, a young orphan thief, meets Hyakkimaru, a powerful ronin. Hyakkimaru's father, a greedy feudal lord, had made a pact with 12 demons, offering his yet-unborn son's body parts in exchange for great power. Thus, Hyakkimaru - who was born without arms, legs, eyes, ears, a nose or a mouth - was abandoned in a river as a baby. Rescued and raised by Dr. Honma, who equips him with artificial limbs and teaches him sword-fighting techniques, Hyakkimaru discovers that each time he slays a demon, a piece of his body is restored. Now, he roams the war-torn countryside in search of demons.",https://s4.anilist.co/file/anilistcdn/media/anime/cover/large/bx101347-TGaDwEYqLfm1.jpg,https://anilist.co/anime/101347,Combined 1 TV season,8.9,Yes,,,,,,,
Ragna crimson,Ragna Crimson,24,7.4,"Action, Adventure, Fantasy, Mystery","Dragons, Revenge, Shounen, Magic, Male Protagonist, Swordplay, Super Power",Finished,Manga,2023-10-01,2024-03-31,24,SILVER LINK.,110410,"Dragons reign terror over the earth, sea and sky. If sworn dragon hunters like Ragna are to have any hope of dealing death to these seemingly invincible, fire-breathing beasts, they must find a way to level the odds. Ragna teams up with a mysterious man named Crimson who has likewise sworn to stand against the dragons menacing the world. But although Crimson’s motivations may be mysterious, his goal and Ragna’s perfectly align, and together they’ll fight to vanquish the dragons once and for all. (Source: Sentai Filmworks) Note: The first episode aired with a runtime of ~47 minutes.",https://s4.anilist.co/file/anilistcdn/media/anime/cover/large/bx146493-bThyDJ4ZmbfV.jpg,https://anilist.co/anime/146493,Combined 1 TV season,8.9,Yes,,,,,,,
To Be Hero X,To Be Hero X,24,8.5,"Action, Drama, Mystery, Supernatural","Superhero, Conspiracy, Urban Fantasy, Achronological Order, Super Power, Ensemble Cast, Mixed Media, Anti-Hero, CGI",Finished,Original,2025-04-06,2025-09-14,24,"Paper Plane Animation Studio, Studio LAN, Pb Animation",122704,"This is a world where heroes are created by people's trust, and the hero who gains the most trust is known as X. In this world, people's trust can be quantified through data, and these values are reflected on everyone's wrist. As long as one gains enough trust points, an ordinary person can possess superpowers and become a superhero who saves the world. However, the constantly changing trust values make the path of a hero full of uncertainties... (Source: Official To Be Hero X home page)",https://s4.anilist.co/file/anilistcdn/media/anime/cover/large/bx156092-yHqgQZOF2mbg.jpg,https://anilist.co/anime/156092,Combined 1 entry,8.9,Yes,,,,,,,
Steins Gate ,Steins;Gate,24,8.9,"Drama, Psychological, Sci-Fi, Thriller","Time Manipulation, Time Loop, Denpa, Male Protagonist, Urban, Primarily Adult Cast, Philosophy, Chuunibyou, Dissociative Identities",Finished,Visual Novel,2011-04-06,2011-09-14,24,WHITE FOX,584600,"Self-proclaimed mad scientist Okabe Rintarou lives in a small room in Akihabara, where he invents ""future gadgets"" with fellow lab members Shiina Mayuri, his air-headed childhood friend, and Hashida Itaru, an otaku hacker. The three pass the time by tinkering with their latest creation, a ""Phone Microwave"" that can be controlled through text messages. The lab members soon face a string of mysterious incidents that lead to a game-changing discovery: the Phone Microwave can send emails to the past and thus alter history. Adapted from the critically acclaimed visual novel by 5pb. and Nitroplus, Steins;Gate takes Okabe to the depths of scientific theory and human despair as he faces the dire consequences of changing the past.",https://s4.anilist.co/file/anilistcdn/media/anime/cover/large/bx9253-tIUXF2gfU8Sg.jpg,https://anilist.co/anime/9253,Combined 1 TV season,8.8,Yes,,,,,,,
Chainsaw Man,Chainsaw Man,12,8.3,"Action, Drama, Horror, Supernatural","Demons, Monster Boy, Urban Fantasy, Male Protagonist, Gore, Tragedy, Shapeshifting, Body Horror, Psychosexual, Urban, Henshin, Shounen",Finished,Manga,2022-10-12,2022-12-28,25,MAPPA,616595,"Denji is a teenage boy living with a Chainsaw Devil named Pochita. Due to the debt his father left behind, he has been living a rock-bottom life while repaying his debt by harvesting devil corpses with Pochita. One day, Denji is betrayed and killed. As his consciousness fades, he makes a contract with Pochita and gets revived as ""Chainsaw Man"" — a man with a devil's heart. (Source: Crunchyroll)",https://s4.anilist.co/file/anilistcdn/media/anime/cover/large/bx127230-DdP4vAdssLoz.png,https://anilist.co/anime/127230,Combined 1 TV season,8.8,Yes,,,,,,,
Bungo stray dogs,Bungo Stray Dogs,60,8.2,"Action, Comedy, Mystery, Supernatural","Crime, Urban Fantasy, Anti-Hero, Super Power, Detective, Mafia, War, Seinen, Male Protagonist, Ensemble Cast, Classic Literature, Primarily Adult Cast",Finished,Manga,2016-04-07,2023-09-20,24,bones,414958,"Stalked by a beastly white tiger, Atsushi Nakajima has no idea that the menace lives inside him—a power that catches the attention of the Armed Detective Agency. Using inhuman abilities to combat crime, this team takes Atsushi under the wing of their most eccentric member, Dazai. Together, they tear through mafia-muddled mysteries while enemies keep an eye on the tiger’s lofty bounty. (Source: Funimation)",https://s4.anilist.co/file/anilistcdn/media/anime/cover/large/bx21311-hAXyT8Yoh6G9.jpg,https://anilist.co/anime/21311,Combined 5 TV seasons,8.8,Yes,,,,,,,
Kaiji ,Kaiji - Ultimate Survivor,52,8.2,"Psychological, Thriller","Gambling, Survival, Class Struggle, Primarily Adult Cast, Seinen, Primarily Male Cast, Male Protagonist, Death Game, Philosophy, Slavery, Crime, Card Battle",Finished,Manga,2007-10-03,2011-09-28,24,MADHOUSE,97063,"Itou Kaiji is a bum who steals car emblems and slashes tires on what seems to be a regular basis. This routine changes one day when he is paid a visit by a man in a trench-coat. Once the two get talking, it seems that the visitor (Calling himself Endou) is a debt collector. The reason for his visit is an unpaid loan which Kaiji had previously co-signed for a work-mate (Furuhata Takeshi). The original loan was 300,000 yen and once Takeshi had disappeared, the loan then fell on Kaiji. Kaiji is then told of a way to clear the interest compounded debt (which stood at 3,850,000 yen), which involved getting on a boat with others in his position. Once on the boat the debtors would then have to gamble with loaned money, which would end with a few winning, and others getting into deeper debt and having to work to pay off their debts. After some coercion Kaiji accepts a position on the boat, in order to clear his debt and make a bit of money as well...",https://s4.anilist.co/file/anilistcdn/media/anime/cover/large/bx3002-BExanPfxp888.jpg,https://anilist.co/anime/3002,Combined 2 TV seasons,8.8,Yes,,,,,,,
Rurouni Kenshin [anilist:142877],Rurouni Kenshin (2023),48,7.5,"Action, Drama, Romance, Adventure","Swordplay, Historical, Samurai, Male Protagonist, Martial Arts, Shounen, Found Family, Assassins, Travel, Age Gap",Not Yet Released,Manga,2023-07-07,,23,"LIDENFILMS, Aniplex",60102,"Re-adaptation of the main manga series. One hundred and forty years ago in Kyoto, with the coming of the American ""Black Ships,"" there arose a warrior who, felling men with his bloodstained blade, gained the name Hitokiri, manslayer! His killer blade helped close the turbulent Bakumatsu era and slashed open the progressive age known as Meiji. Then he vanished, and with the flow of years, became legend. (Source: VIZ Media)",https://s4.anilist.co/file/anilistcdn/media/anime/cover/large/bx142877-FrXXLsgXYQAp.jpg,https://anilist.co/anime/142877,Forced AniList ID 142877; combined 3 TV seasons,8.8,Yes,,,,,,,
Shield hero,The Rising of the Shield Hero,62,7.1,"Action, Adventure, Fantasy","Anti-Hero, Isekai, Magic, Male Protagonist, Travel, Kemonomimi, Medieval, Revenge, Politics, Religion, Nekomimi, Martial Arts",Not Yet Released,Light Novel,2019-01-09,2025-09-24,24,Kinema Citrus,453390,"Naofumi Iwatani, an uncharismatic Otaku who spends his days on games and manga, suddenly finds himself summoned to a parallel universe! He discovers he is one of four heroes equipped with legendary weapons and tasked with saving the world from its prophesied destruction. As the Shield Hero, the weakest of the heroes, all is not as it seems. Naofumi is soon alone, penniless, and betrayed. With no one to turn to, and nowhere to run, he is left with only his shield. Now, Naofumi must rise to become the legendary Shield Hero and save the world! Note: - The first episode was pre-aired on December 27th, 2018. Regular broadcast began on January 9th, 2019. - The first episode aired with a runtime of ~47 minutes as opposed to the standard 24 minute long episode.",https://s4.anilist.co/file/anilistcdn/media/anime/cover/large/bx99263-LcazQwdlWzMy.jpg,https://anilist.co/anime/99263,Combined 5 TV seasons,8.8,S4 ep 9,,,,,,,
Seven deadly sins,The Seven Deadly Sins,136,7,"Action, Adventure, Comedy, Ecchi, Fantasy, Supernatural","Magic, Shounen, Ensemble Cast, Demons, War, Super Power, Gods, Male Protagonist, Spearplay, Heterosexual, Age Gap, Fairy",Finished,Manga,2014-10-05,2024-12-31,24,"A-1 Pictures, Studio DEEN, Marvy Jack, Telecom Animation Film",521723,"When they were accused of trying to overthrow the monarchy, the feared warriors the Seven Deadly Sins were sent into exile. Princess Elizabeth discovers the truth - the Sins were framed by the king's guard, the Holy Knights - too late to prevent them from assassinating her father and seizing the throne! Now the princess is on the run, seeking the Sins to help her reclaim the kingdom. But the first Sin she meets, Meliodas, is a little innkeeper with a talking pig. He doesn't even have a real sword! Have the legends of the Sins' strength been exaggerated? (Source: Anime News Network)",https://s4.anilist.co/file/anilistcdn/media/anime/cover/large/bx20789-Ma5ouSYPkru9.jpg,https://anilist.co/anime/20789,Combined 7 TV seasons,8.8,Yes,,,,,,,
Frieren: Beyond Journey’s End,Frieren: Beyond Journey’s End,38,9,"Adventure, Drama, Fantasy","Magic, Travel, Female Protagonist, Elf, Wilderness, Found Family, Philosophy, Medieval, Iyashikei, Episodic, Demons, Time Skip",Not Yet Released,Manga,2023-09-29,2026-03-27,24,MADHOUSE,464001,"The adventure is over but life goes on for an elf mage just beginning to learn what living is all about. Elf mage Frieren and her courageous fellow adventurers have defeated the Demon King and brought peace to the land. But Frieren will long outlive the rest of her former party. How will she come to understand what life means to the people around her? Decades after their victory, the funeral of one her friends confronts Frieren with her own near immortality. Frieren sets out to fulfill the last wishes of her comrades and finds herself beginning a new adventure… (Source: Crunchyroll)",https://s4.anilist.co/file/anilistcdn/media/anime/cover/large/bx154587-qQTzQnEJJ3oB.jpg,https://anilist.co/anime/154587,Combined 3 TV seasons,8.8,Yes,,,,,,,
Full Metal Alchemist brotherhood,Fullmetal Alchemist: Brotherhood,64,9,"Action, Adventure, Drama, Fantasy","Alchemy, Military, War, Shounen, Politics, Male Protagonist, Philosophy, Ensemble Cast, Coming of Age, Super Power, Steampunk, Necromancy",Finished,Manga,2009-04-05,2010-07-04,25,bones,715875,"""In order for something to be obtained, something of equal value must be lost."" Alchemy is bound by this Law of Equivalent Exchange—something the young brothers Edward and Alphonse Elric only realize after attempting human transmutation: the one forbidden act of alchemy. They pay a terrible price for their transgression—Edward loses his left leg, Alphonse his physical body. It is only by the desperate sacrifice of Edward's right arm that he is able to affix Alphonse's soul to a suit of armor. Devastated and alone, it is the hope that they would both eventually return to their original bodies that gives Edward the inspiration to obtain metal limbs called ""automail"" and become a state alchemist, the Fullmetal Alchemist. Three years of searching later, the brothers seek the Philosopher's Stone, a mythical relic that allows an alchemist to overcome the Law of Equivalent Exchange. Even with military allies Colonel Roy Mustang, Lieutenant Riza Hawkeye, and Lieutenant Colonel Maes Hughes on their side, the brothers find themselves caught up in a nationwide conspiracy that leads them not only to the true nature of the elusive Philosopher's Stone, but their country's murky history as wel...",https://s4.anilist.co/file/anilistcdn/media/anime/cover/large/bx5114-nSWCgQlmOMtj.jpg,https://anilist.co/anime/5114,Combined 1 TV season,8.7,Yes,,,,,,,
Devil may cry ,Devil may cry ,16,7.5,"Action, Dark, Fantasy, Supernatural","Demons, Modern, Hell",Ongoing,Video Game,2025-04-03,,25,Studio Mir,96700,"When a mysterious villain threatens to open the gates of Hell, a devilishly handsome demon hunter could be the world's best hope for salvation.",https://www.animationmagazine.net/wordpress/wp-content/uploads/Devil-May-Cry-kv.jpg,https://www.imdb.com/title/tt15716776/?ref_=ttep_ov_i,Manual,8.7,Yes,,,,,,,
CastleVania ,CastleVania ,32,8.3,"Action, Dark Fantasy, Horror","Vampires, Demons, Medieval",Finished,Video Game,2017-07-07,2021-05-13,25,Powerhouse Animation Studios,289000,A vampire hunter fights to save a besieged city from an army of otherworldly creatures controlled by Dracula.,https://encrypted-tbn1.gstatic.com/images?q=tbn:ANd9GcSuC2ZgsDQIwCQt1tnnC4KXRRCnAQaxs3FqwWXazm-jk6N2r6uQ,https://www.imdb.com/title/tt6517102/,Manual,8.7,Yes,,,,,,,
Erased,ERASED,12,8.1,"Drama, Mystery, Psychological, Supernatural, Thriller","Age Regression, Time Manipulation, Crime, Urban Fantasy, Time Skip, Male Protagonist, Primarily Child Cast, Detective, Snowscape, Ensemble Cast, Super Power, Seinen",Finished,Manga,2016-01-08,2016-03-25,23,A-1 Pictures,596286,"Satoru Fujinuma is a 29 year old manga artist struggling to make a name for himself following his debut. But, that was not the only thing in his life that Satoru was feeling frustrated about… He has a unique supernatural ability of being forced to prevent deaths and catastrophes by being sent back in time before the incident occurred, repeating time until the accident is prevented. One day, he gets involved in an accident that has him framed as a murderer. Desperate to save the victim, he sends himself back in time only to find himself as a grade-schooler one month before fellow classmate Kayo Hinazuki went missing. Satoru now embarks on a new quest: to save Kayo and solve the mystery behind her disappearance.",https://s4.anilist.co/file/anilistcdn/media/anime/cover/large/bx21234-XmqW39aQ9o7O.jpg,https://anilist.co/anime/21234,Combined 1 TV season,8.7,Yes,,,,,,,
Reincarnated as a slime,That Time I Got Reincarnated as a Slime,72,8,"Action, Adventure, Comedy, Fantasy","Kingdom Management, Isekai, Reincarnation, Magic, Super Power, Politics, Found Family, Ensemble Cast, Office, Demons, Shapeshifting, Creature Taming",Releasing,Light Novel,2018-10-02,2024-09-27,24,8-bit,452210,"Lonely thirty-seven-year-old Satoru Mikami is stuck in a dead-end job, unhappy with his mundane life, but after dying at the hands of a robber, he awakens to a fresh start in a fantasy realm...as a slime monster! As he acclimates to his goopy new existence, his exploits with the other monsters set off a chain of events that will change his new world forever! (Source: Yen Press)",https://s4.anilist.co/file/anilistcdn/media/anime/cover/large/bx101280-tDxCVJm714nt.jpg,https://anilist.co/anime/101280,Combined 5 TV seasons,8.7,Yes,,,,,,,
Mashle,MASHLE: MAGIC AND MUSCLES,24,7.7,"Action, Comedy, Fantasy","Magic, Male Protagonist, Shounen, Fitness, Parody, School, Slapstick, Super Power, Primarily Teen Cast, Kuudere, Primarily Male Cast, Battle Royale",Not Yet Released,Manga,2023-04-08,2024-03-30,24,A-1 Pictures,281586,"This is a world of magic. This is a world in which magic is casually used by everyone. In a deep, dark forest in this world of magic, there is a boy who is singlemindedly working out. His name is Mash Burnedead, and he has a secret. He can’t use magic. All he wanted was to live a quiet life with his family, but people suddenly start trying to kill him one day and he somehow finds himself enrolled in Magic School. There, he sets his sights on becoming a “Divine Visionary,” the elite of the elite. Will his ripped muscles work against the best and brightest of the wizarding world? The curtain rises on this off-kilter magical fantasy in which the power of being jacked crushes any spell! (Source: Crunchyroll)",https://s4.anilist.co/file/anilistcdn/media/anime/cover/large/bx151801-XxVf22Le6C8o.png,https://anilist.co/anime/151801,Combined 3 TV seasons,8.7,Yes,,,,,,,
Returners magic special [anilist:163142],A Returner's Magic Should Be Special,12,6.9,"Action, Adventure, Fantasy","Magic, School, Age Regression, Class Struggle, Male Protagonist, Time Manipulation",Not Yet Released,Other,2023-10-08,,24,Arvo Animation,66906,"Another dimension that continues to taint our world, the Shadow World. Humanity is faced with the worst calamity, known as the Shadow Labyrinth. In spite of their desperate attacks, Desir Herrman and his friends lose their battle to the Destruction Dragon, Boromir Napolitan, and the world comes to an end. When Desir is convinced of his end, he opens his eyes... to find himself 13 years in the past. Desir has gone back in time to the enrollment ceremony of Hebrion Academy, the top school for mages in the Empire. To change the future of impending doom, Desir reassembles his friends once again to save the world! (Source: Crunchyroll)",https://s4.anilist.co/file/anilistcdn/media/anime/cover/large/bx163142-RjFeJrTnDA2B.png,https://anilist.co/anime/163142,Forced AniList ID 163142; combined 2 TV seasons,8.7,Yes,,,,,,,
SK8 the Infinity,SK∞ 2nd Season,12,8,"Action, Comedy, Drama, Sports","Skateboarding, Male Protagonist, Primarily Male Cast, Ensemble Cast, Parkour, Cute Boys Doing Cute Things, Found Family",Not Yet Released,Original,2021-01-10,2021-04-04,24,"bones film, bones",232575,"The second season of SK∞ (Sk8 the Infinity) . Note: Aniplex revealed during the ""Sk8 Masquerade of Love"" event that a new anime project for the original television anime SK∞ is in the works. Much later, revealed at the end of the ""∞WEEK"" special event, an OVA was announced alongside a second season.",https://s4.anilist.co/file/anilistcdn/media/anime/cover/large/bx124153-uEBI764OSavB.png,https://anilist.co/anime/153676,Combined 2 TV seasons,8.7,Yes,,,,,,,
Wistoria: Wand and Sword,Tsue to Tsurugi no Wistoria Season 3,24,8,"Action, Adventure, Drama, Fantasy, Comedy","Magic, Male Protagonist, Swordplay, Primarily Teen Cast, Shounen, School, Witch, Elf, Dungeon, Bullying",Not Yet Released,Manga,2024-07-07,2026-06-28,24,"Actas, Bandai Namco Pictures",168938,The third season of Tsue to Tsurugi no Wistoria.,https://s4.anilist.co/file/anilistcdn/media/anime/cover/large/bx182300-IYkq5KrkQq1V.jpg,https://anilist.co/anime/213656,Combined 3 TV seasons,8.7,Yes,,,,,,,
Kuroko no basket [anilist:11771],Kuroko's Basketball,75,8,"Comedy, Sports","Basketball, Male Protagonist, Primarily Teen Cast, Shounen, Ensemble Cast, School Club, Primarily Male Cast, Tomboy, School",Finished,Manga,2012-04-08,2015-06-30,24,Production I.G,281925,"Teikou Junior High School's basketball team is crowned champion three years in a row thanks to five outstanding players who, with their breathtaking and unique skills, leave opponents in despair and fans in admiration. However, after graduating, these teammates, known as ""The Generation of Miracles"", go their separate ways and now consider each other as rivals. At Seirin High School, two newly recruited freshmen prove that they are not ordinary basketball players: Taiga Kagami, a promising player returning from the US, and Tetsuya Kuroko, a seemingly ordinary student whose lack of presence allows him to move around unnoticed. Although Kuroko is neither athletic nor able to score any points, he was a member of Teikou's basketball team, where he played as the ""Phantom Sixth Man,"" who easily passed the ball and assisted his teammates. Kuroko no Basket follows the journey of Seirin's players as they attempt to become the best Japanese high school team by winning the Interhigh Championship. To reach their goal, they have to cross pathways with several powerful teams, some of which have one of the five players with godlike abilities, whom Kuroko and Taiga make a pact to defeat. (Sourc...",https://s4.anilist.co/file/anilistcdn/media/anime/cover/large/bx11771-uvr44RAwRxPw.jpg,https://anilist.co/anime/11771,Forced AniList ID 11771; combined 3 TV seasons,8.6,Yes,,,,,,,
Sakamoto days [anilist:177709],SAKAMOTO DAYS,11,7.6,"Action, Comedy","Assassins, Urban, Found Family, Konbini, Crime, Primarily Adult Cast, Super Power, Male Protagonist, Family Life, Slapstick, Gangs, Guns",Finished,Manga,2025-01-11,2025-03-15,24,TMS Entertainment,213664,"When Sakamoto meets Aoi, the convenience store clerk, it’s love at first sight — and just like that, he retires. Sakamoto gets married, has a daughter, opens a mom-and-pop store in a quiet town, and completely transforms … into a plus-size man. To ensure a peaceful life with his beloved family, the legendary ex–hit man bands together with comrades to face off against the looming threat of assassins. (Source: Netflix TUDUM) Note: The series streamed a week in advance on Netflix Japan starting with episode 2 released alongside episode 1.",https://s4.anilist.co/file/anilistcdn/media/anime/cover/large/bx177709-e5Qx6RlsBgD5.png,https://anilist.co/anime/177709,Forced AniList ID 177709; combined 1 TV season,8.6,Yes,,,,,,,
Ossan newbie adventurer,"The Ossan Newbie Adventurer, Trained to Death by the Most Powerful Party, Became Invincible",12,7.3,"Action, Adventure, Comedy, Fantasy","Male Protagonist, Magic, Primarily Adult Cast, Ojou-sama, Elf, Super Power",Finished,Light Novel,2024-07-02,2024-09-24,24,Yumeta Company,77921,"""Why should it matter how old you are if you want to start something new?"" The strongest guy around, who also happens to be middle-aged, strives to be an adventurer! Everyone seems to think you should pursue your dreams while you're still young, but there's one man who just can't give up. In a world where most people who become adventurers do so in their teens, a guild employee in his thirties, Rick Gladiator, seeks to become an adventurer instead. After receiving unimaginably brutal training from the legendary party renowned as the strongest on the continent, Orichalcum Fist, he ends up with combat abilities worthy of S-rank status despite starting out as an F-rank rookie! (Source: Crunchyroll)",https://s4.anilist.co/file/anilistcdn/media/anime/cover/large/bx163292-1DkPP4r5UI9Y.jpg,https://anilist.co/anime/163292,Combined 1 TV season,8.6,Yes,,,,,,,
My hero vigilante [anilist:185736],My Hero Academia: Vigilantes,26,7.5,"Action, Adventure, Drama, Fantasy","Urban Fantasy, Urban, Super Power, Superhero, Shounen, Crime, Male Protagonist, Idol, Anti-Hero, Fugitive",Finished,Manga,2025-04-07,2026-03-30,24,bones film,71689,"Kouichi Haimawari is a dull college student who aspires to be a hero but has given up on his dream. Although 80% of the world’s population has superhuman powers called Quirks, few are chosen to become heroes and protect people. Everything changes for Kouichi when he and Pop☆Step are saved by the vigilante Knuckleduster and get recruited to become vigilantes themselves! (Source: Crunchyroll)",https://s4.anilist.co/file/anilistcdn/media/anime/cover/large/bx185736-Ci6AiGwjKKtp.jpg,https://anilist.co/anime/185736,Forced AniList ID 185736; combined 2 TV seasons,8.6,Yes,,,,,,,
claymore,Claymore,26,7.4,"Action, Adventure, Fantasy, Horror","Medieval, Swordplay, Female Protagonist, Tragedy, Primarily Female Cast, Gore, Demons, Kuudere, Primarily Adult Cast, Orphan, Super Power, Travel",Finished,Manga,2007-04-04,2007-09-26,23,MADHOUSE,118939,"A brutal scourge stalks the land. Yoma, monsters driven by a hunger satisfied by only one quarry - Humanity. The dark breed knows but a singular foe: Claymore. Human-Yoma hybrids of extraordinary strength and cunning, the Claymores roam from skirmish to skirmish delivering salvation by the edge of a blade. Thus begins the twisting tale of Clare, one such sister of the sword driven by pain in both victory and defeat. A child silent and suffering hidden in her past, Clare's march toward vengeance unfolds along a path marked by violence, solitude and scorn. In a land where even the predator is prey, the haunted hearts of hunter and hunted alike wear the scars of the age. (Source: Funimation)",https://s4.anilist.co/file/anilistcdn/media/anime/cover/large/bx1818-KieLJv0qo3mO.jpg,https://anilist.co/anime/1818,Combined 1 TV season,8.6,Yes,,,,,,,
The four knights of apocolypse [anilist:148862],The Seven Deadly Sins: Four Knights of the Apocalypse,36,7.3,"Action, Adventure, Fantasy","Magic, Male Protagonist, Shounen, Animals, Demons, Angels, Chibi, Travel, Fairy, Medieval, Archery, Dragons",Finished,Manga,2023-10-08,2024-12-31,24,Telecom Animation Film,32453,"Percival is a kind boy who lives out on the frontier called ""Finger of God"" along with his grandfather. However, the world was not kind enough to let peace and tranquility last for long. An encounter with a mysterious knight changed their destiny, and a shocking truth comes to light. The boy then sets off on an endless journey. (Source: Kodansha USA)",https://s4.anilist.co/file/anilistcdn/media/anime/cover/large/bx148862-ctw1sn45I4ZX.png,https://anilist.co/anime/148862,Forced AniList ID 148862; combined 2 TV seasons,8.6,Yes,,,,,,,
baki,Baki the Grappler,48,7.2,"Action, Sports","Martial Arts, Male Protagonist, Primarily Male Cast, Cultivation, Heterosexual, Shounen",Finished,Manga,2001-01-09,2001-12-25,25,Group TAC,38548,"Baki Hanma is a young fighter who yearns to follow in the footsteps of his father, Yujiro, and become the strongest fighter in the world. Through that he trains tirelessly and fights constantly to hone his skills and develop his body to achieve these goals. Many intense battles lay ahead of Baki as he goes about his quest to be the best and ultimately take the title of ""King"" from his father.",https://s4.anilist.co/file/anilistcdn/media/anime/cover/large/bx287-goNFQRZPze2g.jpg,https://anilist.co/anime/287,Combined 2 TV seasons,8.6,Yes,,,,,,,
God of high school,The God of High School,13,7,"Action, Fantasy","Martial Arts, Urban Fantasy, Super Power, Shounen, Male Protagonist, Rotoscoping, Cult, Foreign, Primarily Teen Cast",Finished,Manga,2020-07-06,2020-09-28,24,MAPPA,295321,"It all began as a fighting tournament to seek out for the best fighter among all high school students in Korea. Mori Jin, a Taekwondo specialist and a high school student, soon learns that there is something much greater beneath the stage of the tournament. (Source: WEBTOON)",https://s4.anilist.co/file/anilistcdn/media/anime/cover/large/bx116006-Wt8JSA1ZQxlM.png,https://anilist.co/anime/116006,Combined 1 TV season,8.6,Yes,,,,,,,
Tokyo ghoul,Tokyo Ghoul,48,6.7,"Action, Drama, Horror, Mystery, Psychological, Supernatural","Gore, Detective, Urban Fantasy, Anti-Hero, Amnesia, Time Skip, Survival, Dissociative Identities, Body Horror, Male Protagonist, Seinen, Urban",Finished,Manga,2014-07-04,2018-12-25,24,Studio Pierrot,727853,"The suspense horror/dark fantasy story is set in Tokyo, which is haunted by mysterious ""ghouls"" who are devouring humans. People are gripped by the fear of these ghouls whose identities are masked in mystery. An ordinary college student named Kaneki encounters Rize, a girl who is an avid reader like him, at the café he frequents. Little does he realize that his fate will change overnight. (Source: Anime News Network)",https://s4.anilist.co/file/anilistcdn/media/anime/cover/medium/b20605-k665mVkSug8D.jpg,https://anilist.co/anime/20605,Combined 4 TV seasons,8.6,Yes,,,,,,,
Ninja kamui,Ninja Kamui: Red Vendetta,13,6.4,"Action, Adventure, Drama, Sci-Fi","Ninja, Revenge, Assassins, Male Protagonist, Gore, Primarily Adult Cast, CGI, Foreign, Cyborg, Anti-Hero",Not Yet Released,Original,2024-02-11,2024-05-05,23,"Adult Swim, Sola Entertainment, E&H Production",76062,Second season of Ninja Kamui .,https://s4.anilist.co/file/anilistcdn/media/anime/cover/medium/b194453-rBPR7dRP6NeT.png,https://anilist.co/anime/194453,Combined 3 TV seasons,8.6,Yes,,,,,,,
Assasination classroom [anilist:20755],Assassination Classroom,47,8.1,"Action, Comedy, Drama, Supernatural","Assassins, School, Teacher, Primarily Teen Cast, Coming of Age, Ensemble Cast, Shounen, Super Power, Tentacles, Aliens",Finished,Manga,2015-01-10,2016-07-01,23,Lerche,619200,"The students of class 3-E have a mission: kill their teacher before graduation. He has already destroyed the moon, and has promised to destroy the Earth if he can not be killed within a year. But how can this class of misfits kill a tentacled monster, capable of reaching Mach 20 speed, who may be the best teacher any of them have ever had?",https://s4.anilist.co/file/anilistcdn/media/anime/cover/large/bx20755-dWrhs569YGUO.jpg,https://anilist.co/anime/20755,Forced AniList ID 20755; combined 2 TV seasons,8.6,Yes,,,,,,,
One piece [anilist:21],ONE PIECE,1123,8.7,"Action, Adventure, Comedy, Drama, Fantasy","Pirates, Travel, Ensemble Cast, Shounen, Super Power, Found Family, Male Protagonist, Conspiracy, Ships, Slapstick, Prophecy, Politics",Releasing,Manga,1999-10-20,,24,Toei Animation,734977,"Gold Roger was known as the Pirate King, the strongest and most infamous being to have sailed the Grand Line. The capture and death of Roger by the World Government brought a change throughout the world. His last words before his death revealed the location of the greatest treasure in the world, One Piece. It was this revelation that brought about the Grand Age of Pirates, men who dreamed of finding One Piece (which promises an unlimited amount of riches and fame), and quite possibly the most coveted of titles for the person who found it, the title of the Pirate King. Enter Monkey D. Luffy, a 17-year-old boy that defies your standard definition of a pirate. Rather than the popular persona of a wicked, hardened, toothless pirate who ransacks villages for fun, Luffy’s reason for being a pirate is one of pure wonder; the thought of an exciting adventure and meeting new and intriguing people, along with finding One Piece, are his reasons of becoming a pirate. Following in the footsteps of his childhood hero, Luffy and his crew travel across the Grand Line, experiencing crazy adventures, unveiling dark mysteries and battling strong enemies, all in order to reach One Piece. *This incl...",https://s4.anilist.co/file/anilistcdn/media/anime/cover/large/bx21-ELSYx3yMPcKM.jpg,https://anilist.co/anime/21,Forced AniList ID 21; combined 1 TV season,8.6,ep 1130,,,,,,,
HAIKYU!!,HAIKYU!!,85,8.5,"Comedy, Drama, Sports","Primarily Teen Cast, Volleyball, School Club, Male Protagonist, Primarily Male Cast, Ensemble Cast, Shounen, Coming of Age, School",Finished,Manga,2014-04-06,2020-12-19,24,Production I.G,574679,"Inspired after watching a volleyball ace nicknamed ""Little Giant"" in action, small-statured Shouyou Hinata revives the volleyball club at his middle school. The newly-formed team even makes it to a tournament; however, their first match turns out to be their last when they are brutally squashed by the ""King of the Court,"" Tobio Kageyama. Hinata vows to surpass Kageyama, and so after graduating from middle school, he joins Karasuno High School's volleyball team—only to find that his sworn rival, Kageyama, is now his teammate. Thanks to his short height, Hinata struggles to find his role on the team, even with his superior jumping power. Surprisingly, Kageyama has his own problems that only Hinata can help with, and learning to work together appears to be the only way for the team to be successful. Based on Haruichi Furudate's popular shounen manga of the same name, Haikyuu!! is an exhilarating and emotional sports comedy following two determined athletes as they attempt to patch a heated rivalry in order to make their high school volleyball team the best in Japan. [Written by MAL Rewrite]",https://s4.anilist.co/file/anilistcdn/media/anime/cover/large/bx20464-ooZUyBe4ptp9.png,https://anilist.co/anime/20464,Combined 5 TV seasons,8.6,Yes,,,,,,,
RADIANT,RADIANT,42,7,"Action, Adventure, Comedy, Fantasy","Magic, Male Protagonist, Witch, Class Struggle, Aliens",Finished,Other,2018-10-06,2020-02-26,24,Lerche,65266,"Seth dreams of being a great sorcerer. He wants to be powerful and defeat the Némésis, monsters that come down from the sky. But his eagerness constantly gets him into trouble. He can’t seem to avoid angering the villagers and even his guardian, Alma. One day, an enormous Némésis really attacks the village! Determined to save the world, Seth embarks on a journey in search for the “Radiant,” the legendary lair of the Némésis. Making new friends, fighting tough enemies, and confronting hardships, Seth’s adventure begins! (Source: Crunchyroll)",https://s4.anilist.co/file/anilistcdn/media/anime/cover/large/nx101024-4dFUVMKSE0Q1.jpg,https://anilist.co/anime/101024,Combined 2 TV seasons,8.6,Yes,,,,,,,
Witch Hat Atelier [anilist:147105],Witch Hat Atelier,13,8.5,"Adventure, Drama, Fantasy","Magic, Witch, Female Protagonist, Drawing, Primarily Female Cast, Coming of Age, Primarily Child Cast, Found Family, Ensemble Cast, Medieval, Philosophy",Finished,Manga,2026-04-06,2026-06-22,24,BUG FILMS,210030,"In a world where everyone takes wonders like magic spells and dragons for granted, Coco is a girl with a simple dream: she wants to be a witch. But everybody knows magicians are born, not made, and Coco was not born with a gift for magic. Resigned to her un-magical life, Coco is about to give up on her dream to become a witch … until the day she meets Qifrey, a mysterious, traveling magician. After secretly seeing Qifrey perform magic in a way she’s never seen before, Coco soon learns what everybody “knows” might not be the truth, and discovers that her magical dream may not be as far away as it may seem... (Source: Kodansha USA) Note: Tongari Boushi no Atelier episode 2 was streamed a week in advance on Crunchyroll, ABEMA, and Netflix, alongside episode 1. Streaming is one week ahead of the TV broadcast.",https://s4.anilist.co/file/anilistcdn/media/anime/cover/large/bx147105-rwOX8qyUy8gV.jpg,https://anilist.co/anime/147105,Forced AniList ID 147105; single AniList entry only,8.6,Yes,,,,,,,
Scissor seven,Scissor Seven,10,7.8,"Action, Comedy, Drama, Mystery, Romance","Assassins, Surreal Comedy, Satire, Amnesia, Male Protagonist, Urban, Slapstick, Martial Arts, Super Power",Finished,Original,2018-04-25,2018-06-20,16,Sharefun Studio,57633,"Seeking to recover his memory, a scissor-wielding, hairdressing, bungling quasi-assassin stumbles into a struggle for power among feuding factions. (Source: Netflix)",https://s4.anilist.co/file/anilistcdn/media/anime/cover/large/bx107912-pLrOL1AzEIEt.jpg,https://anilist.co/anime/107912,Combined 1 entry,8.5,Yes,,,,,,,
Naruto,Naruto,220,8,"Action, Adventure, Comedy, Drama, Fantasy, Supernatural","Ninja, Shounen, Coming of Age, Male Protagonist, Orphan, Super Power, Martial Arts, Found Family, Primarily Child Cast, Ensemble Cast",Finished,Manga,2002-10-03,2007-02-08,23,Studio Pierrot,712551,"Naruto Uzumaki, a hyperactive and knuckle-headed ninja, lives in Konohagakure, the Hidden Leaf village. Moments prior to his birth, a huge demon known as the Kyuubi, the Nine-tailed Fox, attacked Konohagakure and wreaked havoc. In order to put an end to the Kyuubi's rampage, the leader of the village, the 4th Hokage, sacrificed his life and sealed the monstrous beast inside the newborn Naruto. Shunned because of the presence of the Kyuubi inside him, Naruto struggles to find his place in the village. He strives to become the Hokage of Konohagakure, and he meets many friends and foes along the way. (Source: MAL Rewrite)",https://s4.anilist.co/file/anilistcdn/media/anime/cover/large/bx20-dE6UHbFFg1A5.jpg,https://anilist.co/anime/20,Matched AniList ID 20; single AniList entry only,8.5,Yes,,,,,,,
Dorohedoro,Dorohedoro,12,7.9,"Action, Adventure, Comedy, Fantasy, Horror, Mystery","Dystopian, Monster Boy, Anthropomorphism, Magic, Amnesia, CGI, Full CGI, Gore, Surreal Comedy, Body Horror, Seinen, Curses",Finished,Manga,2020-01-13,2020-03-30,24,MAPPA,186861,"The story revolves around Kaiman, who does not remember who he was before he was transfigured by a Magic user. This transformation left him with a reptile's head, and a desire to find out the truth about who he really is. Accompanied by Nikaido, his female companion, he tracks down Magic Users in ""The Hole"" and unceremoniously chomps down on their head, hoping to find out who it was that put him in this state. One by one, they witness this ""second man"" inside the head of Kaiman, and after pulling them back out of his mouth he asks them all a question... ""What did the guy inside my head say?""",https://s4.anilist.co/file/anilistcdn/media/anime/cover/large/bx105228-I4xr84QS9Pvk.jpg,https://anilist.co/anime/105228,Combined 1 TV season,8.5,Yes,,,,,,,
Magi [anilist:14513],Magi: The Labyrinth of Magic,63,7.9,"Action, Adventure, Fantasy","Magic, Shounen, Male Protagonist, Foreign, Dungeon, Politics, Royal Affairs, Tragedy, Desert, Travel, Class Struggle, Dystopian",Finished,Manga,2012-10-07,2016-07-02,24,"A-1 Pictures, Lay-duce",229549,"This story is about the flow of fate and the battle to keep the world on the right path. Aladdin is a boy who has set out to explore the world after being trapped in a room for most of his life. His best friend is a flute with a djinn in it named Ugo. Soon enough, Aladdin discovers he is a Magi, a magician who chooses kings, and he was born to choose kings who will follow the righteous path, battling against those who want to destroy fate. Follow his adventures as he meets others from 1001 Arabian Nights, like Ali Baba and Sinbad, and fights to keep the balance of the world in check!",https://s4.anilist.co/file/anilistcdn/media/anime/cover/large/bx14513-HuUdrFFYftA7.jpg,https://anilist.co/anime/14513,Forced AniList ID 14513; combined 3 TV seasons,8.5,Yes,,,,,,,
Dead Mount Death Play,Dead Mount Death Play,24,7.3,"Action, Fantasy, Supernatural, Thriller","Necromancy, Urban Fantasy, Urban, Crime, Isekai, Male Protagonist, Ensemble Cast, Magic, Seinen, Reverse Isekai, Reincarnation, Anti-Hero",Finished,Manga,2023-04-11,2023-12-26,24,GEEKTOYS,97181,"As a legendary hero nears victory against a necromancer known as The Corpse God, things take an unexpected turn with the dark sorcerer’s final gambit—reincarnation magic. This last-ditch effort catches the brave fighter off guard, and now he’s a boy named Polka Shinoyama in a whole new world! The showdown between good and evil just got epic. (Source: Crunchyroll)",https://s4.anilist.co/file/anilistcdn/media/anime/cover/large/bx157198-LVZ7PgxWwc6v.jpg,https://anilist.co/anime/157198,Combined 2 TV seasons,8.5,Yes,,,,,,,
New Saga,New Saga,12,6.5,"Adventure, Fantasy","Time Manipulation, Female Harem, Male Protagonist, Age Regression, Swordplay",Finished,Light Novel,2025-07-03,2025-09-18,24,"Studio Massket, Studio Clutch",35954,"After a brutal war, magic swordsman Kyle defeats the Demon King but is left dying. A crimson crystal sends him four years into the past to his once-destroyed hometown where he finds his lost loved ones alive. Armed with future knowledge, Kyle vows to prevent the coming tragedy and rewrite fate. (Source: Crunchyroll) Note: Initially scheduled for July 2023, the anime saw several delays and a complete change in Director (previously Norikazu Ishigooka) and Studio (previously Yokohama Anime Lab x Makaria)",https://s4.anilist.co/file/anilistcdn/media/anime/cover/large/bx155838-0zx6MTeoo5sk.jpg,https://anilist.co/anime/155838,Combined 1 TV season,8.5,Yes,,,,,,,
Mushoku Tensei,Mushoku Tensei: Jobless Reincarnation,62,8.3,"Adventure, Drama, Ecchi, Fantasy","Isekai, Reincarnation, Male Protagonist, Rehabilitation, Magic, Coming of Age, Travel, Family Life, Marriage, Polyamorous, Heterosexual, Swordplay",Releasing,Light Novel,2021-01-11,2024-07-01,24,Studio Bind,445662,"When a 34-year-old underachiever gets run over by a bus, his story doesn’t end there. Reincarnated in a new world as an infant, Rudeus will seize every opportunity to live the life he’s always wanted. Armed with new friends, some freshly acquired magical abilities, and the courage to do the things he’s always dreamed of, he’s embarking on an epic adventure—with all of his past experience intact! (Source: Funimation, edited) Note: The anime pre-screened its 1st and 2nd episode starting on the 27th of December on the Nico Nico Live Broadcasting and D Anime Store services",https://s4.anilist.co/file/anilistcdn/media/anime/cover/large/bx108465-1ANspF1EWyFx.jpg,https://anilist.co/anime/108465,Combined 5 TV seasons,8.5,S2 ep17,,,,,,,
Wind breaker,WIND BREAKER,25,7.7,"Action, Comedy, Drama","Delinquents, Gangs, Shounen, Primarily Male Cast, Male Protagonist, Found Family, School, Primarily Teen Cast, Urban, Tsundere, Martial Arts, Coming of Age",Finished,Manga,2024-04-05,2025-06-20,24,CloverWorks,185776,"Where the average scores are the lowest, but the fights are the strongest. Furin High School is renowned as a super school of delinquents. Haruka Sakura, a first-year student, came from outside the city to fight to the top. However, Furin High School has become a group that protects the town called the “Chime of the Wind Breaker” – Bofurin. The heroic legend of high school delinquent Sakura begins here! (Source: Crunchyroll)",https://s4.anilist.co/file/anilistcdn/media/anime/cover/large/bx163270-wboZJp0ybwVK.jpg,https://anilist.co/anime/163270,Combined 2 TV seasons,8.5,Yes,,,,,,,
I Parry Everything,I Parry Everything,12,6.8,"Action, Adventure, Fantasy","Swordplay, Male Protagonist, Surreal Comedy, Coming of Age, Magic",Finished,Light Novel,2024-07-05,2024-09-20,25,OLM,87212,"The Kingdom of Clays faces a dire crisis: an assassination attempt has just been made on its own Princess Lynneburg, and its neighboring countries eye the aftermath like starving vultures, plotting the Kingdom’s downfall. The ensuing conflict will shape the face of the continent for centuries to come...but Noor doesn’t have a clue about any of that! Having freshly arrived at the royal capital after over a decade of rigorous, isolated training at his mountain home, he’s dead set on achieving his childhood dream of becoming an adventurer, even if the only skills he possesses are useless ones. Sure, he can [Parry] thousands of swords in the span of a single breath, but everybody knows you need more than that if you want to be an adventurer! Our hero’s road to making his dream come true will be long(?) and arduous(?)—but if there’s one thing Noor’s not afraid of, it’s some good ol’ fashioned hard work! (Source: J-Novel Club)",https://s4.anilist.co/file/anilistcdn/media/anime/cover/large/bx170695-Nb1DIg7gIHCF.jpg,https://anilist.co/anime/170695,Combined 1 TV season,8.5,Yes,,,,,,,
ORIENT,ORIENT,24,6.6,"Action, Adventure, Comedy, Fantasy","Kaiju, Samurai, Shounen, Swordplay, Historical, Magic, Male Protagonist, Demons",Finished,Manga,2022-01-06,2022-09-27,24,A.C.G.T.,43220,"At age 10, best friends Musashi and Kojirou sat in excited silence as Kojirou's father spun tales of evil demons who preyed on the innocent, and the warriors who defeated them. Practicing swordplay, the two swear an oath to become the strongest in the world, but as they grow up, Kojirou turns cynical, and Musashi comes to the realization that he can't overturn 150 years of demon rule on his own. He's being called a prodigy with a pickaxe, and he's almost ready to settle into a life of labor. Yet he can't shake the feeling that he still has a responsibility to act... and soon, the injustices of his world will force his hand... (Source: Kodansha USA)",https://s4.anilist.co/file/anilistcdn/media/anime/cover/large/bx128034-PHcAWDtmPuAK.jpg,https://anilist.co/anime/128034,Combined 2 TV seasons,8.5,Yes,,,,,,,
New Saga,New Saga,12,6.5,"Adventure, Fantasy","Time Manipulation, Female Harem, Male Protagonist, Age Regression, Swordplay",Finished,Light Novel,2025-07-03,2025-09-18,24,"Studio Massket, Studio Clutch",35954,"After a brutal war, magic swordsman Kyle defeats the Demon King but is left dying. A crimson crystal sends him four years into the past to his once-destroyed hometown where he finds his lost loved ones alive. Armed with future knowledge, Kyle vows to prevent the coming tragedy and rewrite fate. (Source: Crunchyroll) Note: Initially scheduled for July 2023, the anime saw several delays and a complete change in Director (previously Norikazu Ishigooka) and Studio (previously Yokohama Anime Lab x Makaria)",https://s4.anilist.co/file/anilistcdn/media/anime/cover/large/bx155838-0zx6MTeoo5sk.jpg,https://anilist.co/anime/155838,Combined 1 TV season,8.5,Yes,,,,,,,
My Hero Academia: Vigilantes,My Hero Academia: Vigilantes,26,7.5,"Action, Adventure, Drama, Fantasy","Urban Fantasy, Urban, Super Power, Superhero, Shounen, Crime, Male Protagonist, Idol, Anti-Hero, Fugitive",Finished,Manga,2025-04-07,2026-03-30,24,bones film,71689,"Kouichi Haimawari is a dull college student who aspires to be a hero but has given up on his dream. Although 80% of the world’s population has superhuman powers called Quirks, few are chosen to become heroes and protect people. Everything changes for Kouichi when he and Pop☆Step are saved by the vigilante Knuckleduster and get recruited to become vigilantes themselves! (Source: Crunchyroll)",https://s4.anilist.co/file/anilistcdn/media/anime/cover/large/bx185736-Ci6AiGwjKKtp.jpg,https://anilist.co/anime/185736,Combined 2 TV seasons,8.5,Yes,,,,,,,
The Wrong Way to Use Healing Magic [anilist:137908],The Wrong Way to Use Healing Magic,13,7.5,"Action, Fantasy","Isekai, Magic, Demons, Male Protagonist",Finished,Light Novel,2024-01-06,2024-03-30,24,"Shin-Ei Animation, Studio Add",123669,"An ordinary walk home from school turns into an epic journey for Usato. After suddenly being dropped into another world with two fellow students, Usato learns he was summoned there by accident. But things turn around when he discovers a unique aptitude for healing magic! Now, he trains beyond human limitations, using his self-healing abilities to gain absurd strength and unrivaled stamina. (Source: Crunchyroll)",https://s4.anilist.co/file/anilistcdn/media/anime/cover/large/bx137908-50af3lKVbst2.jpg,https://anilist.co/anime/137908,Forced AniList ID 137908; single AniList entry only,8.4,Yes,,,,,,,
Undead unluck,Undead Unluck,24,7.6,"Action, Comedy, Sci-Fi, Supernatural","Male Protagonist, Female Protagonist, Super Power, Shounen, Urban Fantasy, Gore, Foreign, Primarily Adult Cast, Memory Manipulation, Heterosexual, Nudity, Zombie",Finished,Manga,2023-10-07,2024-03-23,24,david production,129036,"All Fuuko wants is a passionate romance like the one in her favorite shoujo manga. Unfortunately, her Unluck ability makes that impossible. But just as Fuuko hits rock bottom, Andy sweeps her off her feet—literally! Now she's become Andy's unwilling test subject as he works to find a way to trigger a stroke of Unluck big enough to kill him for good. However, when the pair discovers a secret organization is hunting them, it puts Andy's burial plans on hold. (Source: VIZ Media)",https://s4.anilist.co/file/anilistcdn/media/anime/cover/large/bx154116-3ydDI9hhvPgw.png,https://anilist.co/anime/154116,Matched AniList ID 154116; single AniList entry only,8.4,Yes,,,,,,,
Steins Gate 0,Steins;Gate 0,23,8.4,"Drama, Psychological, Sci-Fi, Thriller","Alternate Universe, Time Manipulation, Artificial Intelligence, Dissociative Identities, Urban, Philosophy, Male Protagonist",Finished,Visual Novel,2018-04-12,2018-09-27,24,WHITE FOX,219217,"The eccentric, self-proclaimed mad scientist Rintarou Okabe has become a shell of his former self. Depressed and traumatized after failing to rescue his friend, he has decided to forsake his mad scientist alter ego and live as an ordinary college student. Surrounded by friends who know little of his time travel experiences, Okabe spends his days trying to forget the horrors of his adventures alone. While working as a receptionist at a college technology forum, Okabe meets the short, spunky Maho Hiyajo, who later turns out to be the interpreter at the forum's presentation, conducted by Professor Alexis Leskinen. In front of a stunned crowd, Alexis and Maho unveil Amadeus—a revolutionary AI capable of storing a person's memories and creating a perfect simulation of that person complete with their personality and quirks. Meeting with Maho and Alexis after the presentation, Okabe learns that the two were Kurisu's colleagues in university, and that they have simulated her in Amadeus. Hired by Alexis to research the simulation's behavior, Okabe is given the chance to interact with the shadow of a long-lost dear friend. Dangerously tangled in the past, Okabe must face the harsh reality...",https://s4.anilist.co/file/anilistcdn/media/anime/cover/large/bx21127-7ARWZkDXKiiD.jpg,https://anilist.co/anime/21127,Combined 1 TV season,8.4,Yes,,,,,,,
Shaman King,Shaman King,64,7.4,"Action, Adventure, Comedy, Drama, Supernatural","Shounen, Ghost, Super Power, Male Protagonist, Mythology, Primarily Child Cast, Reincarnation",Finished,Manga,2001-07-04,2002-09-25,23,Xebec,59537,"Shamans possess mysterious powers that allow them to commune with gods, spirits, and even the dead…and Manta Oyamada's about to learn all about them, because his class just welcomed a new transfer student: Yoh Asakura, a boy from way off in Izumo…and a shaman in training! (Source: Kodansha USA)",https://s4.anilist.co/file/anilistcdn/media/anime/cover/large/bx154-hSYv4EtcBE1p.png,https://anilist.co/anime/154,Combined 1 TV season,8.4,Yes,,,,,,,
Pluto [anilist:99088],PLUTO,8,8.4,"Action, Drama, Mecha, Mystery, Psychological, Sci-Fi, Thriller","Robots, Artificial Intelligence, Detective, Seinen, Police, Ensemble Cast, Crime, Philosophy, War, Politics, Foreign, Urban",Finished,Manga,2023-10-26,2023-10-26,60,Studio M2,102147,"A murder occurs in an orderly world where robots are unable to kill humans. The robotic Europol investigator Gesicht takes the case, but the mystery deepens when he finds no trace of a human at the scene of the crime. As he pursues the truth, Gesicht uncovers the most evil manifestation of hate that history has ever seen, one that is bent on bringing destruction to the world ... (Source: Netflix)",https://s4.anilist.co/file/anilistcdn/media/anime/cover/large/bx99088-LTJskMD1wbbQ.png,https://anilist.co/anime/99088,Forced AniList ID 99088; combined 1 TV season,8.4,Yes,,,,,,,
Kabaneri of the Iron Fortress [anilist:21196],Kabaneri of the Iron Fortress,12,7,"Action, Drama, Fantasy, Horror, Supernatural","Zombie, Steampunk, Post-Apocalyptic, Trains, Pandemic, Guns, Travel, Female Protagonist",Finished,Original,2016-04-08,2016-07-01,23,WIT STUDIO,193361,"As the world is in the middle of an industrial revolution, a monster appears that cannot be defeated unless its heart, which is protected by a layer of iron, is pierced. By infecting humans with its bite, the monster can create aggressive and undead creatures known as Kabane. On the island Hinomoto, located in the far east, people have built stations to shelter themselves from these creatures. People access the station, as well as transport wares between them, with the help of a locomotive running on steam, called Hayajiro. Ikoma, a boy who lives in the Aragane station and helps to build Hayajiro, creates his own weapon called Tsuranukizutsu in order to defeat the creatures. One day, as he waits for an opportunity to use his weapon, he meets a girl named Mumei, who is excused from the mandatory Kabane inspection. During the night, Ikoma meets Mumei again as he sees Hayajiro going out of control. The staff on the locomotive has turned into the creatures. The station, now under attack by Kabane, is the opportunity Ikoma has been looking for.",https://s4.anilist.co/file/anilistcdn/media/anime/cover/large/bx21196-2PfPfIDrxKki.jpg,https://anilist.co/anime/21196,Forced AniList ID 21196; combined 1 TV season,8.4,Yes,,,,,,,
Btooom!,BTOOOM!,12,6.8,"Action, Psychological, Sci-Fi","Battle Royale, Survival, Death Game, Video Games, Female Protagonist, Heterosexual, Coastal, Wilderness, Body Horror, Hikikomori, Seinen",Finished,Manga,2012-10-04,2012-12-20,24,MADHOUSE,162824,"In the blink of the mind's eye, Ryouta Sakamoto suddenly finds himself transported from playing the hit Btoom! video game to being stranded on a mysterious island, equipped with a day's worth of provisions, a bag of bombs, a strange crystal embedded in his left hand and a huge gaping hole in his memory. But it doesn't take long to figure out what's going on, especially after the first person Ryouta meets tries to kill him. Someone is attempting to recreate the ultra-violent Btoom! game in real life, and the island has been filled with an army of other unwilling players, each armed with one of the multiple variants of explosive weapons called BIM. Fortunately, Ryouta's an ace Btoom! player, but this insane version of the game has no reset switch or second lives, and there's only one way off the island: kill seven other people before they can kill you! Can Ryouta repurpose his game based skills fast enough to survive? (Source: Sentai Filmworks)",https://s4.anilist.co/file/anilistcdn/media/anime/cover/large/bx14345-BeDPCuhQGtL5.jpg,https://anilist.co/anime/14345,Combined 1 TV season,8.3,Yes,,,,,,,
Eighty six,86 EIGHTY-SIX,23,8.5,"Action, Drama, Mecha, Sci-Fi","War, Class Struggle, Military, Dystopian, Survival, Ensemble Cast, Seinen, Politics, Female Protagonist, Philosophy, Proxy Battle, Robots",Finished,Light Novel,2021-04-11,2022-03-19,24,A-1 Pictures,315251,"Called “Juggernaut,” these are the unmanned combat drones developed by the Republic of San Magnolia in answer to the attacks by the autonomous unmanned drones of the neighboring Empire of Giad, the “Legion”. But they’re only unmanned in name. In reality, they are piloted by the Eighty-sixers—those considered to be less than human and treated as mere tools. Determined to achieve his own mysterious ends, Shin, the captain of Spearhead Squadron, which is comprised of Eighty-sixers, continues to fight a hopeless war on a battlefield where only death awaits him. (Source: Crunchyroll)",https://s4.anilist.co/file/anilistcdn/media/anime/cover/large/bx116589-KawXHB6sApFt.jpg,https://anilist.co/anime/116589,Combined 2 TV seasons,8.3,Yes,,,,,,,
D Gray man,D.Gray-man,116,7.6,"Action, Adventure, Drama, Fantasy, Comedy","Shounen, Demons, Male Protagonist, Super Power, Exorcism, Philosophy, Foreign, Circus, Urban Fantasy, Primarily Teen Cast, Anachronism",Finished,Manga,2006-10-03,2016-09-27,23,TMS Entertainment,115668,"Towards the end of the 19th century, Allen Walker officially joins the organization of Exorcists that destroy the beings known as Akuma; mechanic weapons made by the Millennium Earl with the suffering souls of the dead. Allen has both a cursed eye and an anti-Akuma weapon as an arm, bearing the power of ""Innocence"", a gift given to him as an apostle of God. Allen, along with his fellow Exorcists must put a stop to the Millennium Earl's ultimate plot that could lead to the destruction of the world and all who live on it.",https://s4.anilist.co/file/anilistcdn/media/anime/cover/large/bx1482-6jc8ZVSmHuLo.jpg,https://anilist.co/anime/1482,Combined 2 TV seasons,8.3,Yes,,,,,,,
Dan da dan,DAN DA DAN,24,8.3,"Action, Comedy, Drama, Romance, Sci-Fi, Supernatural, Fantasy","Urban Fantasy, Youkai, Ghost, Aliens, Primarily Teen Cast, Shounen, Male Protagonist, Surreal Comedy, Henshin, Heterosexual, Female Protagonist, Exorcism",Not Yet Released,Manga,2024-10-04,2025-09-19,24,Science SARU,373236,"This is a story about Momo, a high school girl who comes from a family of spirit mediums, and her classmate Okarun, an occult fanatic. After Momo rescues Okarun from being bullied, they begin talking. However, an argument ensues between them since Momo believes in ghosts but denies aliens exist, and Okarun believes in aliens but denies ghosts exist. To prove to each other what they believe in is real, Momo goes to an abandoned hospital where a UFO has been spotted and Okarun goes to a tunnel rumored to be haunted. To their surprise, they each encounter overwhelming paranormal activities that transcend comprehension. Amid these predicaments, Momo awakens her hidden power and Okarun gains the power of a curse to overcome these new dangers! Their fateful love begins as well!? The story of the occult battle and adolescence starts! (Source: Crunchyroll) Notes: - Worldwide premiere of Episode 1 before the Japanese television premiere occurred at Anime Expo July 6, 2024. - Episodes 1-3 titled as DAN DA DAN: FIRST ENCOUNTER was pre-screened in advance in theaters on August 31, 2024 in Asia, September 7, 2024 in Europe and September 13, 2024 in North America. The regular TV broadcast beg...",https://s4.anilist.co/file/anilistcdn/media/anime/cover/large/bx171018-60q1B6GK2Ghb.jpg,https://anilist.co/anime/171018,Combined 3 TV seasons,8.3,Yes,,,,,,,
Black Summoner,Black Summoner,12,6.9,"Action, Adventure, Fantasy","Isekai, Magic, Male Protagonist, Reincarnation, Creature Taming, Memory Manipulation, Female Harem, Gods, Elf",Finished,Light Novel,2022-07-09,2022-09-24,24,Satelight,93508,"Waking up in a strange new place with no memory of his past life, Kelvin learns that he’s bartered away those very memories in exchange for powerful new abilities during his recent transmigration. Heading out into a whole new world as a Summoner — with his first Follower being the very goddess who brought him over! — Kelvin begins his new life as an adventurer, and it isn’t long before he discovers his hidden disposition as a battle junkie. From the Black Knight of the Ancient Castle of Evil Spirits to the demon within the Hidden Cave of the Sage, he revels in the fight against one formidable foe after another. Join this OP adventurer in an exhilarating and epic saga as he and his allies carve their way into the annals of history! (Source: J-Novel Club)",https://s4.anilist.co/file/anilistcdn/media/anime/cover/large/bx145260-Yt5W8aQQKqF2.jpg,https://anilist.co/anime/145260,Combined 1 TV season,8.3,Yes,,,,,,,
Yu Yu Hakusho: Ghostfiles,Yu Yu Hakusho: Ghostfiles,112,8.3,"Action, Adventure, Comedy, Supernatural","Coming of Age, Shounen, Demons, Philosophy, Super Power, Delinquents, Urban Fantasy, Martial Arts, Male Protagonist, Afterlife, Primarily Male Cast, Youkai",Finished,Manga,1992-10-10,1995-01-07,24,Studio Pierrot,156608,"Urameshi Yusuke, 14 years of age, is about as troublesome and violent as teenagers come. He is constantly ditching school, causing trouble, and getting into numerous fights everyday. One day however, he does the unexpected, sacrificing himself to save a young child. Such an action, was never ever expected, especially coming from someone as troublesome as Urameshi Yusuke. The afterlife is not prepared for Yusuke, as they never thought he would make such a sacrifice. Nowhere to go, and dead, Yusuke becomes a ghost and must earn his way back into existence. Yusuke is ""employed"" by Koenma, who is in charge while his father and ruler of the afterlife, King Enma, is away. Under Koenma's command, Yusuke helps to stop menacing demons that threaten the lives of people everywhere; whether by stealing priceless and invaluable items and destructive weapons, or by wreaking havoc on humans everywhere. Throughout Yusuke's journey, he is usually joined by; his arch-rival, and local bully, Kuwabara Kazuma. He is also joined by two demons named Hiei and Kurama, whom are ex-convicts of the afterlife that managed to escape from Koenma. This group of unlikely allies goes on to participate and strugg...",https://s4.anilist.co/file/anilistcdn/media/anime/cover/large/bx392-z90299zIvYmx.png,https://anilist.co/anime/392,Combined 1 TV season,8.3,Yes,,,,,,,
Clevatess,Clevatess,25,7.6,"Action, Drama, Fantasy","Monster Boy, Tomboy, Female Protagonist, Medieval, Magic, Orphan, Revenge, Tragedy, Primarily Adult Cast, Parenthood, Adoption, Swordplay",Releasing,Manga,2025-07-02,2025-09-17,24,Lay-duce,82712,"The story centers on the titular Clevatess, the lord of Dark Beasts, who wields both uncanny intellect and destructive power. Frustrated by the 13 heroes tasked to destroy him, he has decided to be rid of humanity once and for all. However, he has been charged with one nuisance: he revived a hero he personally slayed and adopts an orphaned humanoid baby—the last hope to save a dying world. The world stands upon the brink of Armageddon, with the obligation of raising one child holding it all back. Now bound together, what fate awaits this unlikely trio? (Source: Anime News Network, Crunchyroll, edited) Note: The first episode aired with a runtime of ~46 minutes as opposed to the standard 24 minute long episode.",https://s4.anilist.co/file/anilistcdn/media/anime/cover/large/bx178869-qiEz0gQD8H5N.png,https://anilist.co/anime/178869,Combined 2 TV seasons,8.3,Yes,,,,,,,
The Water Magician,The Water Magician,12,7,"Action, Adventure, Fantasy","Isekai, Male Protagonist, Magic, Reincarnation, Dungeon",Finished,Light Novel,2025-07-04,2025-09-26,24,"TYPHOON GRAPHICS, Wonderland",90002,"Ryou is delighted to be reincarnated into the fantastical world of Phi, where he thinks he’ll get to live a quiet life learning to use his newfound water magic. Going with the flow here, however, means something very different. Ryou is immediately pitted against the wild lands he winds up in and the slew of deadly monsters that call the remote subcontinent home. You’d think he’d forget about taking it easy when he’s stuck fighting for his life, but lucky for Ryou, he’s naturally optimistic, clever, and blessed with the hidden “Eternal Youth” trait. Twenty years pass in the blink of an eye, and each encounter along the way pushes him one step closer to the pinnacle of human magic. Little does he realize that’s only the opening chapter of his tale. A fateful meeting soon thrusts Ryou to the forefront of history, forever changing the course of his life... Thus begins the adventures of the strongest water magician the world has ever seen—who also likes to do things at his own pace! (Source: J-Novel Club)",https://s4.anilist.co/file/anilistcdn/media/anime/cover/large/bx186052-zq8h0Qo0O0sP.jpg,https://anilist.co/anime/186052,Combined 1 TV season,8.3,Yes,,,,,,,
TRIGUN STAMPEDE,TRIGUN STAMPEDE,24,7.2,"Action, Drama, Sci-Fi, Comedy","Dystopian, Shounen, Full CGI, Guns, Desert, Male Protagonist, Fugitive, CGI, Philosophy, Primarily Adult Cast, Travel, Aliens",Finished,Manga,2023-01-07,2026-03-28,24,Orange,86702,"Vash the Stampede’s a joyful gunslinging pacifist, so why does he have a $6 million bounty on his head? That’s what’s puzzling rookie reporter Meryl Stryfe and her jaded veteran partner when looking into the vigilante only to find someone who hates blood. But their investigation turns out to uncover something heinous—his evil twin brother, Millions Knives. (Source: Crunchyroll)",https://s4.anilist.co/file/anilistcdn/media/anime/cover/large/bx151040-9QXRpaprfNmL.png,https://anilist.co/anime/151040,Combined 2 TV seasons,8.3,Yes,,,,,,,
No game no life,"No Game, No Life",12,7.7,"Adventure, Comedy, Ecchi, Fantasy","Isekai, Gambling, Alternate Universe, Video Games, Hikikomori, Magic, Male Protagonist, Primarily Female Cast",Finished,Light Novel,2014-04-09,2014-06-25,24,MADHOUSE,534441,"Bored with life and considering the real world to be just a “crappy game,” savvy sibling shut-ins Sora and Shiro have withdrawn into their own fantasy world filled with video games. However, one day they find themselves summoned to another world by a boy who calls himself “God,” their abilities are about to be put to the ultimate test! Now not only their fates — but the fate of all of humanity — will be decided by a series of games that may just be the hardest these super-geniuses have ever faced! (Source: Sentai Filmworks, edited)",https://s4.anilist.co/file/anilistcdn/media/anime/cover/medium/b19815-sEOQ9yQaPKlk.jpg,https://anilist.co/anime/19815,Combined 1 TV season,8.2,Yes,,,,,,,
Kengan ashura [anilist:100891],KENGAN ASHURA ,52,7.3,"Action, Sports","Martial Arts, Full CGI, Ensemble Cast",Finished,Manga,2019-07-31,2019-07-31,25,Larx Entertainment,53321,"Since the Edo periods of Japan, gladiator arenas exist in certain areas. In these arenas, wealthy business owners and merchants hire gladiators to fight in unarmed combat where winner takes all. Toki Taouma, nicknamed ""Ashura"", joins these arenas and devastates his opponents. His spectacular ability to crush his enemies catches the attention of the big business owners, including the Nogi Group chairman, Nogi Hideki. (Source: MangaHelpers)",https://s4.anilist.co/file/anilistcdn/media/anime/cover/large/bx100891-vPfnfkzizYFe.jpg,https://anilist.co/anime/100891,Forced AniList ID 100891; combined 1 TV season,8.2,Yes,,,,,,,
Moonlit fantasy [anilist:125206],TSUKIMICHI -Moonlit Fantasy-,37,7.8,"Action, Adventure, Comedy, Fantasy","Isekai, Magic, Male Protagonist, Shounen, Medieval, Creature Taming, Language Barrier, Monster Girl, Anthropomorphism, Female Harem, Gods, Teacher",Not Yet Released,Light Novel,2021-07-07,,24,"C2C, J.C.STAFF",168645,"Makoto Misumi was just an average teenager who happened to suddenly be summoned to another world as a ""hero."" But the goddess of this world called him ugly and took his hero status away from him then sent him to the ends of the world. In the wastelands, he meets dragons, spiders, orcs, dwarves and many other non-human races. Makoto manages to show promises in the use of magic and fighting, which he wouldn't have been able to do in his former world. He has numerous encounters, but will he be able to survive this new world? A fantasy where a guy who had been abandoned by gods and humanity tries to reset his life in this new world is about to begin! (Source: Crunchyroll)",https://s4.anilist.co/file/anilistcdn/media/anime/cover/large/bx125206-O2MsOWdW1lVi.jpg,https://anilist.co/anime/125206,Forced AniList ID 125206; combined 3 TV seasons,8.2,Yes,,,,,,,
Bastard [anilist:144677],"BASTARD!! -Heavy Metal, Dark Fantasy-",24,6.3,"Action, Adventure, Comedy, Ecchi, Fantasy","Magic, Heterosexual, Female Harem, Demons, Male Protagonist, Anti-Hero, Seinen, Primarily Adult Cast, Post-Apocalyptic, Meta, Gore, Nudity",Finished,Manga,2022-06-30,2022-09-15,24,LIDENFILMS,31899,"In a postapocalyptic world of heavy metal fantasy, the only thing able to save humans from orcs, lizard men, and other monsters is something even MORE evil. Sealed within a 14-year-old boy, the chaotic wizard Dark Schneider is unleashed to fight four mighty generals and their plot to resurrect the evil god Anslasax. (Source: VIZ Media) Note: The first 13 episodes were released worldwide on Netflix on June 30, 2022, while the remaining 11 episodes released on September 15, 2022.",https://s4.anilist.co/file/anilistcdn/media/anime/cover/large/bx144677-nn0zdlrGZ4Ir.jpg,https://anilist.co/anime/144677,Forced AniList ID 144677; combined 1 TV season,8.2,Yes,,,,,,,
Cagester insect cage [anilist:109586],Cagaster of an Insect Cage,12,6.2,"Action, Drama, Sci-Fi","Post-Apocalyptic, Full CGI, Dystopian, Seinen, Military",Finished,Manga,2020-02-06,2020-02-06,28,Studio KAI,13167,"The nightmare that wiped out two thirds of the human race thirty years ago wasn't caused by germs. It was bugs on an entirely different kind of scale: bizarre insects that mutate their victims into half-human creatures that rapidly evolve into rampaging giant monsters! Yet, as unstoppable as the monstrous insects seemed, humanity is as hard to kill as cockroaches, and exterminators like Kidou now spend their lives stalking and killing the creatures called Cagasters. As the brief still-partially human phase is the best time to strike, however, exterminators soon learn to distance themselves, socially and emotionally, from normal people. But when Kidou finds himself suddenly tasked with returning a young survivor to her mother, he starts to realize that his emotions and humanity may not be buried as deeply as he believed! (Source: Sentai Filmworks)",https://s4.anilist.co/file/anilistcdn/media/anime/cover/large/bx109586-kCEXqdiTMX0j.png,https://anilist.co/anime/109586,Forced AniList ID 109586; combined 1 TV season,8.2,Yes,,,,,,,
TOUGEN ANKI,TOUGEN ANKI,24,6.8,"Action, Mystery, Supernatural","Demons, Urban Fantasy, Shounen, Male Protagonist, Guns, Shapeshifting, Tragedy, Super Power, Primarily Male Cast, Revenge, Henshin",Not Yet Released,Manga,2025-07-11,2025-12-26,24,Studio Hibari,73601,"The bloodlines of “Oni” and “Momotarou” have been passed down among certain humans for generations. Long ago, the Oni, aware of their own ferocity, lived in seclusion. However, their peace was shattered by an invasion led by Momotarou. Over thousands of years, these two factions formed the “Momotarou Agency” and the “Oni Agency,” respectively, and have been locked in conflict ever since. The protagonist, Shiki Ichinose, suddenly learns of his Oni lineage following an unexpected attack by Momotarou. This revelation sets Shiki on a path to discover the destiny that lies within his blood — a meeting with the Oni dwelling within him. —A new generation of dark heroics begins here in this tale of demons! (Source: Official Site)",https://s4.anilist.co/file/anilistcdn/media/anime/cover/large/bx177474-oHil1yLWldfl.jpg,https://anilist.co/anime/177474,Combined 2 TV seasons,8.2,Yes,,,,,,,
grimgar ashes and illusions [anilist:21428],Grimgar of Fantasy and Ash,12,7.4,"Action, Adventure, Drama, Fantasy","Isekai, Survival, Goblin, Ensemble Cast, Magic, Alternate Universe, Male Protagonist",Finished,Light Novel,2016-01-11,2016-03-28,24,A-1 Pictures,180374,"Fear, survival, instinct. Thrown into a foreign land with nothing but hazy memories and the knowledge of their name, they can feel only these three emotions resonating deep within their souls. A group of strangers is given no other choice than to accept the only paying job in this game-like world—the role of a soldier in the Reserve Army—and eliminate anything that threatens the peace in their new world, Grimgar. When all of the stronger candidates join together, those left behind must create a party together to survive: Manato, a charismatic leader and priest; Haruhiro, a nervous thief; Yume, a cheerful hunter; Shihoru, a shy mage; Mogzo, a kind warrior; and Ranta, a rowdy dark knight. Despite its resemblance to one, this is no game—there are no redos or respawns; it is kill or be killed. It is now up to this ragtag group of unlikely fighters to survive together in a world where life and death are separated only by a fine line.",https://s4.anilist.co/file/anilistcdn/media/anime/cover/large/bx21428-dFVIHeZ8McBe.jpg,https://anilist.co/anime/21428,Forced AniList ID 21428; combined 1 TV season,8.2,Yes,,,,,,,
Overlord,Overlord,52,7.8,"Action, Adventure, Fantasy","Kingdom Management, Male Protagonist, Isekai, Anti-Hero, Magic, Medieval, Skeleton, Ensemble Cast, Virtual World, Super Power, Butler, Primarily Adult Cast",Finished,Light Novel,2015-07-07,2022-09-27,24,MADHOUSE,397281,"The story takes place in the year 2138 when virtual reality gaming is booming. Yggdrasil, a popular online game is quietly shut down one day. However, the protagonist Momonga decides to not log out. Momonga is then transformed into the image of a skeleton as ""the most powerful wizard."" The world continues to change, with non-player characters (NPCs) beginning to feel emotion. Having no parents, friends, or place in society, this ordinary young man Momonga then strives to take over the new world the game has become. (Source: Anime News Network)",https://s4.anilist.co/file/anilistcdn/media/anime/cover/large/bx20832-vUNm5zrYWifc.jpg,https://anilist.co/anime/20832,Combined 4 TV seasons,8.1,Yes,,,,,,,
Log horizon ,Log Horizon,62,7.3,"Action, Adventure, Fantasy, Comedy","Virtual World, Isekai, Politics, Video Games, Dungeon, Male Protagonist, Magic, Kingdom Management, Ensemble Cast, Alternate Universe, Economics",Finished,Light Novel,2013-10-05,2021-03-31,25,"Satelight, Studio DEEN",234712,"The online fantasy game Elder Tales is a worldwide phenomenon, immersing millions of players in its intricately conceived virtual world. However, the release of the game's twelfth expansion pack makes that immersion all too literal, as players from around the world are suddenly pulled into the game's no-longer-fictional universe! Now, eight-year ET veteran Shiroe, his friend Naotsugu, the beautiful assassin Akatsuki, and 30,000 other players are faced with the daunting task of learning how to deal with an entirely new reality, one where the Non-Player Characters are actually alive, and the tips and tricks learned while playing with a keyboard no longer apply. (Source: Sentai Filmworks)",https://s4.anilist.co/file/anilistcdn/media/anime/cover/large/bx17265-RyErURYesjJt.jpg,https://anilist.co/anime/17265,Combined 3 TV seasons,8.1,Yes,,,,,,,
The Kingdoms of ruin,The Kingdoms of Ruin,12,6.1,"Action, Drama, Fantasy","Revenge, Magic, Tragedy, Witch, Gore, Shounen, Male Protagonist, Lost Civilization",Finished,Manga,2023-10-07,2023-12-23,24,"Yokohama Animation Lab, Nikkatsu, Mainichi Broadcasting System, NetEase Games, arma bianca, Mag Garden, Ray, CTW",81184,"Witches once blessed the human race with wisdom and peace. But the Redia Empire's ""Gear Expansion"" brought about a culture of science that far surpassed magic, and witches were viewed as enemies impeding the progress of civilization. Thus began the witch hunts. One human named Adonis, who was raised by a witch named Chloe, swears revenge against the human race that took his beloved mentor from him. What salvation can be found at the end of a bloodbath fueled by utter despair? (Source: Crunchyroll)",https://s4.anilist.co/file/anilistcdn/media/anime/cover/large/bx160900-GxVB6H5ewrqv.jpg,https://anilist.co/anime/160900,Combined 1 TV season,8.1,Yes,,,,,,,
Mob Psycho 100,Mob Psycho 100,37,8.6,"Action, Comedy, Drama, Psychological, Slice of Life, Supernatural","Super Power, Coming of Age, Urban Fantasy, Philosophy, Ghost, Male Protagonist, Shounen, Surreal Comedy, Primarily Teen Cast, Parody, Satire, Urban",Finished,Manga,2016-07-12,2022-12-22,24,bones,615544,"The story revolves around ""Mob,"" a boy who will explode if his emotional capacity reaches 100%. This boy with psychic powers earned his nickname ""Mob"" because he does not stand out among other people. He keeps his psychic powers bottled up so he can live normally, but if his emotional level reaches 100, something will overwhelm his entire body. (Source: Anime News Network)",https://s4.anilist.co/file/anilistcdn/media/anime/cover/large/bx21507-6YUSbh2m0N1p.jpg,https://anilist.co/anime/21507,Combined 3 TV seasons,8.1,Yes,,,,,,,
Berserk [anilist:33],Berserk,25,8.4,"Action, Adventure, Drama, Fantasy, Horror, Supernatural","Seinen, Swordplay, War, Male Protagonist, Gore, Medieval, Military, Anti-Hero, Found Family, Primarily Adult Cast, Philosophy, Demons",Finished,Manga,1997-10-07,1998-03-31,25,OLM,180532,"Set during a time that very much resembles Europe during the Middle Ages, Berserk is a story of revenge set in the castle town of Midland. Recently, the town has seen the rise of a wicked king, who uses demonic minions to control and victimise his subjects. However, when a lone soldier enters the town calling himself the Black Swordsman and armed to the teeth, many sense that the king's days of unchecked oppression are over. Soon, the Black Swordsman is plying his trade by hunting down the king's evil servants, giving no quarter, and preparing to exact his vengeance on the king. (Source: MVM Entertainment)",https://s4.anilist.co/file/anilistcdn/media/anime/cover/large/bx33-PSwfE5B0gejI.jpg,https://anilist.co/anime/33,Forced AniList ID 33; combined 1 TV season,8.1,Yes,,,,,,,
jack of all trades [anilist:187264],"Jack-of-All-Trades, Party of None",12,6.7,"Action, Adventure, Fantasy","Male Protagonist, Magic, Dungeon",Finished,Light Novel,2026-01-01,2026-03-19,24,animation studio42,66567,"Betrayed by his childhood friend and cast out of the Hero Party, Orhun Dura—once their loyal Enchanter—is branded by his former comrades as “a jack-of-all-trades but a master of none.” Alone, he sets out to forge a new path as a solo adventurer. His journey sparks explosive battles, deadly rivals, and unexpected allies—and he’ll rise to shatter every expectation. The ultimate solo comeback begins! (Source: Crunchyroll)",https://s4.anilist.co/file/anilistcdn/media/anime/cover/large/bx187264-aOUNQvTriPkX.jpg,https://anilist.co/anime/187264,Forced AniList ID 187264; single AniList entry only,8.1,Yes,,,,,,,
Zom 100,Zom 100: Bucket List of the Dead,12,7.6,"Action, Adventure, Comedy, Horror, Supernatural","Zombie, Post-Apocalyptic, Surreal Comedy, Survival, Male Protagonist, Urban Fantasy, Slapstick, Primarily Adult Cast, Rehabilitation, Tsundere, Seinen, Work",Finished,Manga,2023-07-09,2023-12-26,24,BUG FILMS,235569,"Surviving a zombie apocalypse beats being a wage slave any day! After spending years slaving away for a soul-crushing company, Akira's life has lost its luster. He lives in a trash-filled apartment, his pay is abysmal, and he can't even muster up the nerve to confess his love to his beautiful co-worker. But when a zombie apocalypse ravages his town, it gives him the push he needs to live for himself. Now Akira's on a mission to complete all 100 items on his bucket list before he...well, kicks the bucket. (Source: VIZ Media)",https://s4.anilist.co/file/anilistcdn/media/anime/cover/large/bx159831-cJUNqCqzuApc.png,https://anilist.co/anime/159831,Combined 1 TV season,8,Yes,,,,,,,
So I'm a spider so what,"So I'm a Spider, So What?",24,7.2,"Action, Adventure, Comedy, Fantasy, Mystery","Isekai, Reincarnation, Survival, Female Protagonist, Magic, Conspiracy, CGI, Demons, Dungeon",Finished,Light Novel,2021-01-08,2021-07-03,24,"Millepensee, exsa",150957,"I, the protagonist, was just an ordinary high school girl, but suddenly I was reincarnated as a spider monster in a fantasy world. Not only that, but I awakened in a dungeon filled with vicious monsters. Armed with only my human knowledge and my overwhelming positivity, I'm forced to use spiderwebs and traps to defeat far stronger monsters just to stay alive... So begins the labyrinth survival story of a girl with incredible mental strength living as one of the lowest-ranked beasts! (Source: Crunchyroll)",https://s4.anilist.co/file/anilistcdn/media/anime/cover/large/bx103632-2wsy9wFUdm1C.jpg,https://anilist.co/anime/103632,Combined 1 TV season,8,Yes,,,,,,,
Good night world,GOOD NIGHT WORLD,12,6.9,"Action, Drama, Fantasy, Psychological","Augmented Reality, Virtual World, Hikikomori, Video Games, Family Life, Denpa, Estranged Family, Male Protagonist",Finished,Manga,2023-10-12,2023-10-12,24,NAZ,27249,"In the online game ""Planet,"" there is a powerful team of four players. This team goes by the name ""The Akabane Family,"" and its members are a pseudo-family that only exists in the game. Although they aren't aware of it, these four players are actually a broken family in real life. A shut-in older brother. A high-achieving younger brother. A father who is not respected by his own children. A mother who neglects her own household. They do not know the warmth of family. They also don't know that the warmth of their online family is only a passing feeling. And most of all, they don't know they are a real family. Centered on the deeds of the Akabane Family in the online game ""Planet,"" the story features battles against monsters, clashes with other guilds, and the machinations surrounding ""Black Bird,"" the final objective of the game. The tale takes a major turn as it entangles the real world and this real family. (Source: Netflix)",https://s4.anilist.co/file/anilistcdn/media/anime/cover/large/bx167820-RO0nRXw7fcpu.jpg,https://anilist.co/anime/167820,Combined 1 entry,8,Yes,,,,,,,
A.I.C.O,A.I.C.O. -Incarnation-,12,6.3,"Action, Sci-Fi","Female Protagonist, Military",Finished,Original,2018-03-09,2018-03-09,24,bones,33632,"In Japan in the year 2035, an accident known as the ""Burst"" occurs during a research project, spawning an out-of-control artificial life form called ""Matter"" that has spread throughout the Kurobe Gorge. The research city that was once hailed as the hope for humanity is cordoned off by the government. Two years later, 15-year-old Aiko Tachibana, who lost her family in the Burst, learns something unbelievable from Yuya Kanzaki, a new student at her school. A secret is hidden within her body, and the answer to the puzzle lies at the ""Primary Point"" that was the center of the Burst. When boy meets girl with the fate of humanity in their hands, what new truth will come to light? (Source: Netflix)",https://s4.anilist.co/file/anilistcdn/media/anime/cover/large/nx99725-7kukTkRRmgT1.jpg,https://anilist.co/anime/99725,Combined 1 entry,8,Yes,,,,,,,
Kakegurui,Kakegurui,24,7.1,"Drama, Mystery, Psychological","Gambling, Female Protagonist, School, Primarily Female Cast, Primarily Teen Cast, Anti-Hero, Masochism, Ojou-sama, Yandere",Finished,Manga,2017-07-01,2019-03-27,25,MAPPA,450598,"During daylight hours, an exclusive, elite private school prepares its illustrious students for careers in business, politics, and high society. But when darkness falls, the halls of this esteemed establishment transform into an underground gambling den where bright-eyed youngsters learn the timeless art of bluffing, backdoor dealings and social manipulation. In this school for the rich and elite, money is power, and the tyrant of the betting books rules with an iron fist. So when the beautiful Yumeko Jabami upsets the academy hierarchy with her voracious appetite for the thrill of the gamble, the entire student body mobilizes to send her house of cards tumbling down. (Source: Sentai Filmworks)",https://s4.anilist.co/file/anilistcdn/media/anime/cover/medium/b98314-TSJykxVwCCQN.jpg,https://anilist.co/anime/98314,Combined 2 TV seasons,8,Yes,,,,,,,
The Red Ranger Becomes an Adventurer in Another World,The Red Ranger Becomes an Adventurer in Another World,12,6.5,"Action, Adventure, Comedy, Fantasy","Super Robot, Parody, Tokusatsu, Isekai, Henshin, Desert, Tsundere, Surreal Comedy, Magic, Shounen, Male Protagonist, Medieval",Finished,Manga,2025-01-12,2025-03-30,24,Satelight,30256,"Togo Asagaki was the Red Ranger in a heroic Ranger squad. During their final battle against an evil organization, he gave his life to guarantee their triumph. But fate had other plans, and he found himself reborn in an entirely different world. Embracing his new role as an adventurer, he transforms into Kizuna Red and continues his pursuit of justice, helping those in need. (Source: Crunchyroll)",https://s4.anilist.co/file/anilistcdn/media/anime/cover/large/bx180052-i29SxOyEBtXB.jpg,https://anilist.co/anime/180052,Combined 1 TV season,8,Yes,,,,,,,
Gods' Games We Play,Gods' Games We Play,13,6.1,"Comedy, Drama, Ecchi, Fantasy, Romance","Female Harem, Male Protagonist, Board Game, Gods, Urban Fantasy",Finished,Light Novel,2024-04-01,2024-06-24,24,LIDENFILMS,42008,"In a world of idle gods, humans are forced into brain challenges with them. With three defeats, humans lose their right to challenge, while 10 victories spell human triumph. Fay, determined to achieve the impossible, enters the ultimate test of wits against the gods. Will he defy divinity or is he just another loss in the making? (Source: Crunchyroll)",https://s4.anilist.co/file/anilistcdn/media/anime/cover/large/bx144176-xM8XAC3oUn5C.jpg,https://anilist.co/anime/144176,Combined 1 TV season,8,Yes,,,,,,,
Go! Go! Loser Ranger!,Go! Go! Loser Ranger!,24,7.1,"Action, Comedy, Drama, Sci-Fi","Urban Fantasy, Monster Boy, Tokusatsu, Anti-Hero, Revenge, Shapeshifting, Espionage, Henshin, Aliens, Survival, Urban, Work",Finished,Manga,2024-04-07,2025-06-29,24,Yostar Pictures,77745,"When the Monster Army invaded Earth thirteen years ago, the Divine Dragon Rangers rose up to stop them! With the war raging on, these great heroes are mankind’s last hope! ...or are they? In truth, the invaders were subjugated within a year, forced to continue to crank out a monster a week for the Rangers to crush in front of their adoring fans! But one monster has had enough. Something has to change! He’ll rebel against the might of the Dragon Rangers and destroy them all...from the inside! (Source: Kodansha USA)",https://s4.anilist.co/file/anilistcdn/media/anime/cover/large/bx158417-Ii0DOFwNim0A.jpg,https://anilist.co/anime/158417,Combined 2 TV seasons,8,Yes,,,,,,,
eminence in shadow,The Eminence in Shadow,32,8.1,"Action, Comedy, Fantasy","Isekai, Chuunibyou, Male Protagonist, Parody, Magic, Primarily Female Cast, Anti-Hero, Cult, Swordplay, Satire, Reincarnation, Meta",Finished,Light Novel,2022-10-05,2023-12-20,24,Nexus,305196,"Some people just aren’t suited to playing the part of the flashy, in-your-face hero or the dastardly, mustache-twirling villain with larger-than-life panache. Instead, they operate in the shadows and pull the strings of society through wit and cleverness. That’s the role Cid wants to play when he’s transported to another world. Cid spins a yarn or three and becomes the unlikely leader of the underground Shadow Garden organization that fights against a menacing cult (which he totally made up). However, there’s a catch even his wild imagination didn’t see coming: the cult he concocted actually exists, and they’re beyond displeased that his power fantasy just got in the way of their evil plans! (Source: HIDIVE)",https://s4.anilist.co/file/anilistcdn/media/anime/cover/large/bx130298-YMdcKHytpWNH.jpg,https://anilist.co/anime/130298,Combined 2 TV seasons,7.9,Yes,,,,,,,
"I Got a Cheat Skill in Another World and Became Unrivaled in The Real World, Too","I Got a Cheat Skill in Another World and Became Unrivaled in The Real World, Too",13,6.3,"Action, Adventure, Fantasy, Romance","Male Protagonist, Isekai, Magic, School, Animals, Alternate Universe, Female Harem",Finished,Light Novel,2023-04-04,2023-06-29,24,Millepensee,145628,"All his life, Yuuya has been bullied at school and neglected by his parents. After moving into his late grandfather’s home, he discovers a strange door that seems to be calling out to him. Yuuya opens the door, steps inside, and is suddenly transported to a magical world! This new world holds rare treasures and grants him powerful skills, which he takes back to Earth for a new lease on life.  ",https://s4.anilist.co/file/anilistcdn/media/anime/cover/large/bx153845-C47aoKy7wf19.jpg,https://anilist.co/anime/209980,Combined 2 TV seasons,7.8,Yes,,,,,,,
Cautious Hero: The Hero Is Overpowered but Overly Cautious,Cautious Hero: The Hero Is Overpowered but Overly Cautious,12,7.3,"Action, Adventure, Comedy, Fantasy","Isekai, Parody, Magic, Cultivation, Gods, Female Protagonist, Male Protagonist, Demons, Anti-Hero, Medieval",Finished,Light Novel,2019-10-02,2019-12-27,24,WHITE FOX,196509,"The goddess Rista summons a hero to help her hard mode video game-like world. The hero, Seiya, is exceptional in every way, but he is incredibly cautious to the point of buying three sets of armor (one to wear, a spare, and a spare for the spare) and going full power against weak slimes (just in case).",https://s4.anilist.co/file/anilistcdn/media/anime/cover/large/bx105156-ZVtxISdoUqnY.png,https://anilist.co/anime/105156,Combined 1 TV season,7.8,Yes,,,,,,,
Welcome to Demon School! Iruma-kun,Welcome to Demon School! Iruma-kun,89,7.9,"Comedy, Fantasy, Supernatural","Demons, School, Male Protagonist, Primarily Teen Cast, Magic, Isekai, Found Family, Shounen, Ensemble Cast, Monster Boy, Monster Girl, Mythology",Releasing,Manga,2019-10-05,2023-03-04,25,Bandai Namco Pictures,164924,"Suzuki Iruma has just been abandoned and sold to a demon by his irresponsible parents! Surprisingly, the next thing he knows he's living with the demon who has adopted him as his new grandson, and has been transferred into a school in the demon world where his new ""demon"" grandfather works as the principal. Thus begins the cowardly Iruma-kun's extraordinary school life among the otherworldly as he faces his true self, takes on challenges, and rises to become someone great...",https://s4.anilist.co/file/anilistcdn/media/anime/cover/large/bx107693-A9bSSFAMxA6j.jpg,https://anilist.co/anime/107693,Combined 4 TV seasons,7.8,Yes,,,,,,,
Boruto,Boruto: Naruto Next Generations,293,5.7,"Action, Adventure, Fantasy","Shounen, Ninja, Super Power, Male Protagonist, Primarily Child Cast, Swordplay, Battle Royale, Martial Arts",Finished,Manga,2017-04-05,2023-03-26,24,Studio Pierrot,222335,"Naruto was a young shinobi with an incorrigible knack for mischief. He achieved his dream to become the greatest ninja in the village and his face sits atop the Hokage monument. But this is not his story... A new generation of ninja are ready to take the stage, led by Naruto's own son, Boruto! (Source: VIZ Media)",https://s4.anilist.co/file/anilistcdn/media/anime/cover/large/bx97938-BnF6M5yTaNB1.jpg,https://anilist.co/anime/97938,Matched AniList ID 97938; single AniList entry only,7.7,Yes,,,,,,,
Terror in resonance,Terror in Resonance,11,7.8,"Drama, Mystery, Psychological, Thriller","Terrorism, Anti-Hero, Detective, Crime, Male Protagonist, Orphan, Urban, Police",Finished,Original,2014-07-11,2014-09-26,23,MAPPA,286058,"Painted in red, the word ""VON"" is all that is left behind after a terrorist attack on a nuclear facility in Japan. The government is shattered by their inability to act, and the police are left frantically searching for ways to crack down the perpetrators. The public are clueless—until, six months later, a strange video makes its way onto the internet. In it, two teenage boys who identify themselves only as ""Sphinx"" directly challenge the police, threatening to cause destruction and mayhem across Tokyo. Unable to stop the mass panic quickly spreading through the city and desperate for any leads in their investigation, the police struggle to act effectively against these terrorists, with Detective Kenjirou Shibazaki caught in the middle of it all. Zankyou no Terror tells the story of Nine and Twelve, the two boys behind the masked figures of Sphinx. They should not exist, yet they stand strong in a world of deception and secrets while they make the city fall around them, all in the hopes of burying their own tragic truth. (Source: MAL Rewrite)",https://s4.anilist.co/file/anilistcdn/media/anime/cover/large/bx20661-aCR7QgzDfOSI.png,https://anilist.co/anime/20661,Combined 1 TV season,7.6,Yes,,,,,,,
Zodiac war ,JUNI TAISEN：ZODIAC WAR,12,6.2,"Action, Thriller","Battle Royale, Death Game, Ensemble Cast, War, Urban, Martial Arts, Urban Fantasy, Tanned Skin, Orphan, Kemonomimi, Necromancy, Super Power",Finished,Light Novel,2017-10-03,2017-12-19,24,Graphinica,73672,"The record of the bloody battle between the twelve proud warriors— The 12th Twelve Tournament that gets held every twelve years… Twelve brave warriors who bear the names of the signs of the zodiac fight each other for the lives and souls. The participants are twelve very strange warriors: “Rat,” “Ox,” “Tiger,” “Rabbit,” “Dragon,” “Snake,” “Horse,” “Goat,” Monkey,” “Rooster,” “Dog,” and “Pig.” The victor of this tournament gets to have one wish granted, whatever the wish may be. The one wish they want granted— Who will be the final survivor? Whose tears will flow on the bloody battlefield filled with conspiracy and murder? A soul-shaking battle royale is about to begin. (Source: Crunchyroll)",https://s4.anilist.co/file/anilistcdn/media/anime/cover/large/nx98443-1d7qImgzb6Dj.jpg,https://anilist.co/anime/98443,Combined 1 TV season,7.6,Yes,,,,,,,
Uncle from another world,Uncle from Another World,13,7.6,"Adventure, Comedy, Fantasy","Parody, Isekai, Magic, Meta, Male Protagonist, Seinen, Video Games, Primarily Adult Cast, Otaku Culture, Surreal Comedy, Tsundere, Elf",Finished,Manga,2022-07-06,2023-03-08,24,Atelier Pontdarc,130863,"​Seventeen years ago, Takafumi's uncle fell into a coma, but now he's back like a man risen from his grave. Soon, Takafumi discovers two bizarre things: His uncle treasures video games above all else, and, while comatose, he was actually transported to another world as some heroic guardian! Now, not only does Takafumi have to room with an uncle who is literally magical, he also has to catch the guy up on two decades of history—smartphones, high-speed internet, modern anime tropes…and the traumatic outcome of the '90s console war! (Source: Yen Press)",https://s4.anilist.co/file/anilistcdn/media/anime/cover/large/bx135806-uhqZSNTYZe04.jpg,https://anilist.co/anime/135806,Combined 1 TV season,7,Yes,,,,,,,
classroom of the elite,Youkoso Jitsuryoku Shijou Shugi no Kyoushitsu e 5th Season,54,7.8,"Drama, Psychological, Mystery","Survival, Boarding School, School, Fugitive, Male Protagonist, Battle Royale, Anti-Hero, Primarily Teen Cast, Philosophy, Ensemble Cast, Heterosexual, Bullying",Not Yet Released,Light Novel,2017-07-12,2026-06-24,24,"KADOKAWA, Lerche",439064,The fifth season of Youkoso Jitsuryoku Shijou Shugi no Kyoushitsu e .,https://s4.anilist.co/file/anilistcdn/media/anime/cover/large/bx213477-4dkTR7XrCdXF.jpg,https://anilist.co/anime/213477,Combined 5 TV seasons,,S1 ep4,,,,,,,
Psycho pass,PSYCHO-PASS,41,7.7,"Action, Psychological, Sci-Fi, Thriller","Detective, Police, Crime, Cyberpunk, Urban, Female Protagonist, Philosophy, Primarily Adult Cast, Dystopian, Gore, Augmented Reality, Terrorism",Finished,Original,2012-10-12,2019-12-13,27,"Production I.G, Tatsunoko Production",351604,"Justice, and the enforcement of it, has changed. In the 22nd century, Japan enforces the Sibyl System, an objective means of determining the threat level of each citizen by examining their mental state for signs of criminal intent, known as their Psycho-Pass. Inspectors uphold the law by subjugating, often with lethal force, anyone harboring the slightest ill-will; alongside them are Enforcers, jaded Inspectors that have become latent criminals, granted relative freedom in exchange for carrying out the Inspectors' dirty work. Into this world steps Akane Tsunemori, a young woman with an honest desire to uphold justice. However, as she works alongside veteran Enforcer Shinya Kougami, she soon learns that the Sibyl System's judgments are not as perfect as her fellow Inspectors assume. With everything she has known turned on its head, Akane wrestles with the question of what justice truly is, and whether it can be upheld through the use of a system that may already be corrupt. (Source: MAL Rewrite) Note: In the Summer 2014 season, Psycho-Pass was rebroadcast and re-edited to fit into an hour time-slot, ending up in 11 one-hour episodes. This edit included added scenes at the beginni...",https://s4.anilist.co/file/anilistcdn/media/anime/cover/large/bx13601-i42VFuHpqEOJ.jpg,https://anilist.co/anime/13601,Combined 3 TV seasons,,S1 ep12,,,,,,,
Soul eater ,Soul Eater,51,7.7,"Action, Adventure, Comedy, Fantasy, Supernatural","Super Power, Ensemble Cast, Shounen, Magic, School, Female Protagonist, Witch, Henshin, Gods, Swordplay, Urban Fantasy",Finished,Manga,2008-04-07,2009-03-30,24,bones,385955,"Set in the Shinigami technical school for weapon meisters, the series revolves around 3 groups of each a weapon meister and a human weapon. Trying to make the latter a ""Death Scythe"" which is the highest title for a weapon and thus fit for use by the Shinigami, they must collect the souls of 99 evil humans and 1 witch. Maka & Soul Eater, Black Star & Tsubaki, and Death the Kid with Patty and Liz Thompson are the characters Soul Eater revolves around. Besides taking the time to gather souls, these students of Shibusen defend Death City from some of the most powerful of creatures while still attending school and trying to become stronger.",https://s4.anilist.co/file/anilistcdn/media/anime/cover/large/bx3588-fSMggQoFSbUI.png,https://anilist.co/anime/3588,Combined 1 TV season,,S1 ep30,,,,,,,
Tokyo Revengers,Tokyo Revengers,50,7.6,"Action, Drama, Romance, Supernatural","Revenge, Shounen, Primarily Teen Cast, Gangs, Male Protagonist, Delinquents, Time Manipulation, Primarily Male Cast, Age Regression, Urban, Ensemble Cast, Crime",Not Yet Released,Manga,2021-04-11,2023-12-27,24,LIDENFILMS,439253,"Takemichi Hanagaki is a freelancer that's reached the absolute pits of despair in his life. He finds out that the only girlfriend he ever had in his life that he dated in middle school, Hinata Tachibana, had been killed by the ruthless Tokyo Manji Gang. The day after hearing about her death, he's standing on the station platform and ends up being pushed over onto the tracks by a herd of people. He closes his eyes thinking he's about to die, but when he opens his eyes back up, he somehow had gone back in time 12 years. Now that he's back living the best days of his life, Takemichi decides to get revenge on his life by saving his girlfriend and changing himself that he'd been running away from. (Source: Crunchyroll)",https://s4.anilist.co/file/anilistcdn/media/anime/cover/large/bx120120-cWDmnmeEntSe.jpg,https://anilist.co/anime/120120,Combined 4 TV seasons,,S3 ep1,,,,,,,
Edens zero ,EDENS ZERO,50,7.2,"Action, Adventure, Comedy, Fantasy, Sci-Fi","Space, Shounen, Male Protagonist, Robots, Magic, Ensemble Cast, Super Power, Female Protagonist, Artificial Intelligence",Finished,Manga,2021-04-11,2023-10-01,23,J.C.STAFF,88968,"Eleven months after the grand finale of Fairy Tail, master mangaka Hiro Mashima is back with a great adventure beyond imagination! All the steadfast friendship, crazy fighting, and blue cats you've come to expect... IN SPACE! A young boy gazes up at the sky and sees a streaming bolt of light. The friendly, armor-clad being at his side tells him gently, ""That's a dragon."" The fact that he's joking isn't important. What's important is the look of wonder on the boy's face... and the galaxy-spanning adventure that's about to take place! Join Hiro Mashima (Fairy Tail, Rave Master) once more as he takes to the stars for another thrilling saga! (Source: Crunchyroll) Note: The first two episodes received an online advance screening on March 29. Regular TV broadcast started on April 11, 2021.",https://s4.anilist.co/file/anilistcdn/media/anime/cover/large/bx119683-BC4i4dF5DGNO.jpg,https://anilist.co/anime/119683,Combined 2 TV seasons,,s2 ep1,,,,,,,
Daily life immortal king [anilist:114121],The Daily Life of the Immortal King,15,7.3,"Action, Adventure, Comedy, Fantasy","Super Power, Male Protagonist, School, Urban Fantasy, Magic, Parody",Finished,Other,2020-01-18,2020-03-28,18,Haoliners Animation,139291,"Wang Ling is a high school student with a cool and carefree demeanor. Coming off as someone with a very low spiritual force, he actually possesses a power capable of destroying the world at a moment's notice. To mitigate the volatile force within him, his parents have resorted to using an amulet as a temporary solution. However, the amulet weakens over time and Wang Ling's emotions also accelerate its deterioration. Now with the amulet on the verge of breaking, Wang Ling and his father race against time in order to fix it.",https://s4.anilist.co/file/anilistcdn/media/anime/cover/large/bx114121-vxWVgIBlBjox.png,https://anilist.co/anime/114121,Forced AniList ID 114121; combined 1 TV season,,S3 ep13,,,,,,,
Goblin slayer,GOBLIN SLAYER,24,7.1,"Action, Adventure, Fantasy","Goblin, Revenge, Gore, Primarily Adult Cast, Female Harem, Nudity, Male Protagonist, Magic, Body Horror",Finished,Light Novel,2018-10-07,2023-12-22,24,"WHITE FOX, LIDENFILMS",298883,"A young priestess has formed her first adventuring party, but almost immediately they find themselves in distress. It's the Goblin Slayer who comes to their rescue--a man who's dedicated his life to the extermination of all goblins, by any means necessary. And when rumors of his feats begin to circulate, there's no telling who might come calling next... (Source: Yen Press)",https://s4.anilist.co/file/anilistcdn/media/anime/cover/large/bx101165-v5NwPXWPFDuD.jpg,https://anilist.co/anime/101165,Combined 2 TV seasons,,S2 ep8,,,,,,,
Sword art online,Sword Art Online,96,7.1,"Action, Adventure, Fantasy, Romance, Sci-Fi","Virtual World, Female Protagonist, Heterosexual, Artificial Intelligence, War, Video Games, Male Protagonist, Swordplay, Primarily Teen Cast, Isekai, Primarily Female Cast, Battle Royale",Finished,Light Novel,2012-07-08,2020-09-20,24,A-1 Pictures,707532,"In the near future, a Virtual Reality Massive Multiplayer Online Role-Playing Game (VRMMORPG) called Sword Art Online has been released where players control their avatars with their bodies using a piece of technology called Nerve Gear. One day, players discover they cannot log out, as the game creator is holding them captive unless they reach the 100th floor of the game's tower and defeat the final boss. However, if they die in the game, they die in real life. Their struggle for survival starts now... (Source: Crunchyroll)",https://s4.anilist.co/file/anilistcdn/media/anime/cover/large/bx11757-SxYDUzdr9rh2.jpg,https://anilist.co/anime/11757,Combined 5 TV seasons,,S2 ep14,,,,,,,
Toriko,Toriko,147,6.9,"Action, Adventure, Comedy, Fantasy","Food, Travel, Animals, Kaiju, Super Power, Survival",Finished,Manga,2011-04-03,2014-03-30,24,Toei Animation,27168,"In the world where the taste and texture of food are very important there is Toriko, a hunter of precious foods regularly hired by restaurants and the rich. A man with inhuman skills to capture the ferocious, evasive and rare animals to complete his ultimate dinner course and then the chef Komatsu, his current accomplice: a weak timid person who was inspired by Toriko's greatness and accompanies him on all his journeys on his quest for the course of his life.",https://s4.anilist.co/file/anilistcdn/media/anime/cover/large/nx10033-V7xnlgAVtaVR.jpg,https://anilist.co/anime/10033,Combined 1 TV season,,S1 ep51,,,,,,,
Misfit of the demon king,The Misfit of Demon King Academy: History’s Strongest Demon King Reincarnates and Goes to School with His Descendants,37,6.8,"Action, Comedy, Fantasy","Male Protagonist, Demons, Magic, Reincarnation, School, Super Power, Gods, Religion, Swordplay, Ensemble Cast, Female Harem, Heterosexual",Finished,Light Novel,2020-07-04,2024-07-25,24,SILVER LINK.,262298,"Anos, the Demon King of Tyranny, has defeated humans, spirits, and gods alike. But even demon kings get tired of all the fighting sometimes! Hoping for a more peaceful life, Anos decides to reincarnate himself. When he wakes two thousand years later, though, he finds the world has become too peaceful--his descendants have grown weak and magic is in serious decline. Intending to reclaim his rightful place, he enrolls in Demon King Academy, where he finds that his magical power is off the charts. Literally. And because they can't measure his power, the faculty and other students regard Anos as a misfit. With the support of Misha, the one student he manages to befriend, the misfit (Demon King) begins his climb up the demon ranks! (Source: Square Enix)",https://s4.anilist.co/file/anilistcdn/media/anime/cover/large/bx112301-f88Fs2es4pSr.jpg,https://anilist.co/anime/112301,Combined 3 TV seasons,,S2 ep4,,,,,,,
The promised neverland,The Promised Neverland,23,6.8,"Drama, Fantasy, Horror, Mystery, Psychological, Thriller, Action, Adventure","Survival, Primarily Child Cast, Orphan, Tragedy, Fugitive, Found Family, Kaiju, Ensemble Cast, Coming of Age, Female Protagonist",Finished,Manga,2019-01-10,2021-03-26,23,CloverWorks,625009,"Emma, Norman and Ray are the brightest kids at the Grace Field House orphanage. And under the care of the woman they refer to as “Mom,” all the kids have enjoyed a comfortable life. Good food, clean clothes and the perfect environment to learn—what more could an orphan ask for? One day, though, Emma and Norman uncover the dark truth of the outside world they are forbidden from seeing. (Source: VIZ Media)",https://s4.anilist.co/file/anilistcdn/media/anime/cover/large/bx101759-8UR7r9MNVpz2.jpg,https://anilist.co/anime/101759,Combined 2 TV seasons,,S2 ep1,,,,,,,
Corpse princess,Corpse Princess: Aka,25,6.8,"Action, Drama, Horror, Supernatural","Demons, Urban Fantasy, Afterlife, Ensemble Cast, Philosophy, Revenge, Female Protagonist, Guns, Shounen",Finished,Manga,2008-10-02,2009-03-26,24,"Gainax, feel.",25785,"After being brutally murdered along with her family, Makina Hoshimura turns into a Shikabane Hime, a living corpse contracted to the Kougon Cult, in order to exert revenge on the mysterious undead organization responsible for her death. She is assisted in this task by Keisei Tagami, her contracted priest and former friend. This series follows the story of Keisei's younger brother Ouri, a boy with an unusual attraction to death, who slowly discovers his brother's secret and gets dragged into the world of the Shikabanes. (Source: Wikipedia, edited)",https://s4.anilist.co/file/anilistcdn/media/anime/cover/large/bx4581-RT3vGrNYCVqY.jpg,https://anilist.co/anime/4581,Combined 2 TV seasons,,S1 ep4,,,,,,,
"Banished from the Hero’s Party, I Decided to Live a Quiet Life in the Countryside","Banished from the Hero’s Party, I Decided to Live a Quiet Life in the Countryside",25,6.8,"Action, Adventure, Fantasy, Romance, Slice of Life","Magic, Heterosexual, Medicine, Medieval, Cohabitation, Religion, Iyashikei, Rural, Male Protagonist, Female Protagonist, Family Life",Finished,Light Novel,2021-10-06,2024-03-24,24,"WolfsBane, Studio Flad, KADOKAWA, Nippon Columbia, BS Nittele, AT-X, KBS Kyoto",123306,"A heroic and mighty adventurer dreams of...opening a pharmacy? Red was once a part of the Hero’s party, a group destined to save the world by fighting the Raging Demon Lord. But after being betrayed by his comrade, Red hopes to start anew by opening a small apothecary in a sleepy town on the frontier. While keeping his past life a secret is the goal, it won’t be easy...especially when a beautiful adventurer from his past asks to move in. (Source: Funimation)",https://s4.anilist.co/file/anilistcdn/media/anime/cover/large/bx126213-cXF3hsCcOipI.jpg,https://anilist.co/anime/126213,Combined 2 TV seasons,,S1 ep9,,,,,,,
Twin Star Exorcists,Twin Star Exorcists,50,6.9,"Action, Adventure, Comedy, Drama, Fantasy, Romance, Supernatural","Shounen, Exorcism, Magic, Demons",Finished,Manga,2016-04-06,2017-03-29,24,Studio Pierrot,122990,"Rokuro Enmado is a young boy who used to be a powerful aspiring exorcist, before a tragic incident left his friend dead and made him abandon the profession. One day, he has a fateful encounter with Benio Adashino, a girl around his age and a well known exorcist from the east. According to prophecy, Rokuro and Benio are the ""Twin Star Exorcists"", and are destined to marry and have a child which will be the ultimate exorcist, capable of cleansing all evil spirits, or Kegare, from the world. When Rokuro's best friend Ryogo goes missing, Rokuro is forced to ask Benio for help to enter Magano, the realm of the evil Kegare, to rescue him! (Source: Wikipedia)",https://s4.anilist.co/file/anilistcdn/media/anime/cover/large/bx21499-JCxvIXc27mVT.jpg,https://anilist.co/anime/21499,Combined 1 TV season,,s1 ep 26,,,,,,,
Campfire Cooking in Another World with my Absurd Skill,Campfire Cooking in Another World with my Absurd Skill,24,7.6,"Adventure, Comedy, Fantasy","Food, Found Family, Iyashikei, Isekai, Animals, Work, Male Protagonist, Camping, Outdoor Activities, Travel, Gods, Magic",Finished,Light Novel,2023-01-10,2025-12-24,24,MAPPA,116317,"Mukouda Tsuyoshi, an ordinary salaryman, is suddenly transported to another world one day. The unique skill he gains upon arrival in this world is the seemingly useless ""Online Grocery."" Mukouda is discouraged at first, but the modern foods he's able to bring to his new world using this skill prove to have some unbelievable effects! (Source: Crunchyroll)",https://s4.anilist.co/file/anilistcdn/media/anime/cover/large/bx156067-Jovklss4VWIx.jpg,https://anilist.co/anime/156067,Combined 2 TV seasons,,S1 EP11,,,,,,,
NANBAKA,NANBAKA,13,7.1,"Action, Comedy, Drama","Slapstick, Delinquents, Prison, Crime, Episodic, Primarily Male Cast, Cute Boys Doing Cute Things, Ensemble Cast",Finished,Manga,2016-10-05,2016-12-28,23,Satelight,87063,"Four men are assigned to the prison: Juugo, a man who attempted to break out of prison and ended up extending his jail time; Uno, a man who likes to gamble with women; Rokku, a man who likes to get into fights; and Nico, a man who likes anime. (Source: Anime News Network)",https://s4.anilist.co/file/anilistcdn/media/anime/cover/large/bx21051-V4IlRBFhlaOs.jpg,https://anilist.co/anime/21051,Combined 1 TV season,,s2 ep5,,,,,,,
The Beginning After the End,The Beginning After the End,24,6.2,"Action, Adventure, Fantasy","Male Protagonist, Isekai, Magic, Reincarnation, Medieval, Cultivation, CGI",Finished,Other,2025-04-03,2026-06-24,23,"studio A-CAT, Fuji TV, Crunchyroll, bilibili, AT-X, Movic, Hakuhodo, Kansai TV, KLOCKWORX, Slow Curve",93298,"After a mysterious death, King Grey is reborn as Arthur Leywin on the magical continent of Dicathen. Although he enters his second life as a baby, his previous wisdom remains. He begins to master magic and forge his own path as the years go by, seeking to correct the mistakes of his past life. (Source: Crunchyroll)",https://s4.anilist.co/file/anilistcdn/media/anime/cover/large/bx183161-5M054tuPmZJX.jpg,https://anilist.co/anime/183161,Combined 2 TV seasons,,s1 ep5,,,,,,,
The Ancient Magus' Bride [anilist:98436],The Ancient Magus' Bride,24,7.8,"Drama, Fantasy, Romance, Slice of Life, Supernatural","Magic, Female Protagonist, Fairy, Mythology, Tragedy, Monster Boy, Found Family, Urban Fantasy, Teacher, Heterosexual, Skeleton, Interspecies",Finished,Manga,2017-10-08,2018-03-25,25,WIT STUDIO,242651,"Chise Hatori has lived a life full of neglect and abuse, devoid of anything resembling love. Far from the warmth of family, she has had her share of troubles and pitfalls. Just when all hope seems lost, a fateful encounter awaits her. When a man with the head of a beast, wielding strange powers, obtains her through a slave auction, Chise's life will never be the same again. (Source: Seven Seas Entertainment)",https://s4.anilist.co/file/anilistcdn/media/anime/cover/large/bx98436-n7sK6POCd0XV.png,https://anilist.co/anime/98436,Forced AniList ID 98436; combined 1 TV season,,S1 EP12,,,,,,,
Link Click,Link Click,11,8.6,"Drama, Mystery, Supernatural, Thriller","Time Manipulation, Super Power, Photography, Male Protagonist, Tragedy, Primarily Adult Cast, Crime, Urban Fantasy, Urban, Memory Manipulation",Finished,Original,2021-04-30,2021-07-09,24,Studio LAN,170679,"In a corner of a bustling city, there is a small shop called ""Time Photo Studio"" operating as usual. Although the entrance looks abandoned, it's actually run by two men with special abilities: Cheng Xiaoshi and Lu Guang. In order to fulfil customers' requests, Lu Guang and Cheng Xiaoshi work together and use their special abilities to enter photos. However, things don't go as planned... (Source: bilibili, translated) Note: The final episode aired with a runtime of ~31 minutes.",https://s4.anilist.co/file/anilistcdn/media/anime/cover/large/bx126403-BfVSRzWUtVFW.png,https://anilist.co/anime/126403,Combined 1 entry,,S1 EP5.5,,,,,,,
Daemons of the Shadow Realm,Daemons of the Shadow Realm,24,7.8,"Action, Adventure, Comedy, Fantasy, Supernatural","Shounen, Male Protagonist, Youkai, Archery, Proxy Battle, Creature Taming, Rural, Twins, Demons, Urban Fantasy",Releasing,Manga,2026-04-04,,24,bones film,122936,"In a remote mountain village under the watchful eyes of two stone guardians, the young Yuru contentedly lives off the land while staying close to the only family he has left—Asa, his precious twin sister. Asa, meanwhile, carries out a mysterious “duty” on behalf of the village while locked in a cage. Why is Asa a prisoner? And what other secrets does Yuru’s otherwise idyllic home hide? (Source: Square Enix)",https://s4.anilist.co/file/anilistcdn/media/anime/cover/large/bx195600-moI0UFArtOme.jpg,https://anilist.co/anime/195600,Combined 1 TV season,,S1 EP9,,,,,,,